,id,name,lat,lng,category,address,address2,city,state,postal,country,phone,web,features,modalities,searchGoogle,search,ct,ct_areas,echo,echo_areas,mr,mr_areas,nuclear,nuclear_areas,vascular,vascular_areas,pediatric_echo,pediatric_echo_areas,ct-dental,ct-dental_areas,stenting,stenting_areas,vein_center,vein_center_areas,cardiac_electrophysiology,cardiac_electrophysiology_areas,cardiovascular_catheterization,cardiovascular_catheterization_areas,jrcdms,jrcdms_areas
0,1,Abrazo Medical Group dba Biltmore Cardiology,32.879627,-111.705833,granted,1890 E Florence Blvd,Suite 1,Casa Grande,AZ,85122,USA,,,,nuclear,www.google.com/search?q=Abrazo+Medical+Group+dba+Biltmore+Cardiology,Abrazo Medical Group dba Biltmore Cardiology Casa Grande,,,,,,,"Aug 31, 2023","Equilibrium Radionuclide Angiography, Myocardial Perfusion Imaging",,,,,,,,,,,,,,,,
1,2,Abrazo Medical Group dba Biltmore Cardiology,34.231538,-111.320333,granted,708 S Coeur D’Alene,,Payson,AZ,85541,USA,,,,nuclear,www.google.com/search?q=Abrazo+Medical+Group+dba+Biltmore+Cardiology,Abrazo Medical Group dba Biltmore Cardiology Payson,,,,,,,"Aug 31, 2023","Equilibrium Radionuclide Angiography, Myocardial Perfusion Imaging",,,,,,,,,,,,,,,,
2,3,Abrazo Medical Group dba Biltmore Cardiology,33.501955,-112.01299,multigranted,2777 East Camelback Road,Suite 200,Phoenix,AZ,85016,USA,,,,"ct, nuclear",www.google.com/search?q=Abrazo+Medical+Group+dba+Biltmore+Cardiology,Abrazo Medical Group dba Biltmore Cardiology Phoenix,"Aug 31, 2023","Coronary CTA, Vascular CTA | Coronary Calcium Scoring",,,,,"Aug 31, 2023","Equilibrium Radionuclide Angiography, Myocardial Perfusion Imaging",,,,,,,,,,,,,,,,
3,4,"Advanced Nuclear Cardiology, PLLC",33.465746,-112.053812,granted,1010 E. McDowell Road. 300,,Phoenix,AZ,85006,USA,,www.advancednuclearcardiology.com,,nuclear,,"Advanced Nuclear Cardiology, PLLC Phoenix",,,,,,,"Dec 30, 2022","Equilibrium Radionuclide Angiography, Myocardial Perfusion Imaging",,,,,,,,,,,,,,,,
4,5,"Advanced Open MRI of Tucson, PA",32.278502,-110.943794,granted,3970 N Campbell Ave,,Tucson,AZ,85719,USA,,,,mr,"www.google.com/search?q=Advanced+Open+MRI+of+Tucson,+PA","Advanced Open MRI of Tucson, PA Tucson",,,,,"Dec 31, 2023","Body MRI, Musculoskeletal MRI, Neurological MRI, MRA",,,,,,,,,,,,,,,,,,
5,6,"Ali A. Askari, MD, PC",33.463409,-112.065032,granted,1331 North 7th Street,Suite 400,Phoenix,AZ,85006,USA,,,,echo,"www.google.com/search?q=Ali+A.+Askari,+MD,+PC","Ali A. Askari, MD, PC Phoenix",,,"Aug 31, 2024",Adult Transthoracic,,,,,,,,,,,,,,,,,,,,
6,7,"Ali A. Askari, PC",34.598716,-112.467474,granted,3124 Willow Creek Road,Suite 200,Prescott,AZ,86301,USA,,,,nuclear,"www.google.com/search?q=Ali+A.+Askari,+PC","Ali A. Askari, PC Prescott",,,,,,,"Nov 30, 2024",Myocardial Perfusion Imaging,,,,,,,,,,,,,,,,
7,8,"Ali A. Askari, PC",34.255094,-111.322516,granted,1106 N Beeline Hwy,,Payson,AZ,85541,USA,,,,nuclear,"www.google.com/search?q=Ali+A.+Askari,+PC","Ali A. Askari, PC Payson",,,,,,,"Nov 30, 2024",Myocardial Perfusion Imaging,,,,,,,,,,,,,,,,
8,9,Antigua Medical Services,33.413024,-111.981654,granted,"4636 East Elwood Street, Suite 2",,Phoenix,AZ,85040,USA,,,,nuclear,www.google.com/search?q=Antigua+Medical+Services,Antigua Medical Services Phoenix,,,,,,,"Jun 30, 2023",Myocardial Perfusion Imaging,,,,,,,,,,,,,,,,
9,10,Arizona Breathe Free Sinus and Allergy Centers,33.640037,-111.881901,granted,9377 E Bell Rd,,Scottsdale,AZ,85260,USA,,www.arizonabreathefree.com/,,ct,,Arizona Breathe Free Sinus and Allergy Centers Scottsdale,"May 31, 2025",Maxillofacial CT,,,,,,,,,,,,,,,,,,,,,,
10,11,Arizona Cardiology Center,33.610736,-112.180206,granted,5620 W. Thunderbird Road,Suite E4,Glendale,AZ,85306,USA,,,,echo,www.google.com/search?q=Arizona+Cardiology+Center,Arizona Cardiology Center Glendale,,,"Sep 30, 2023",Adult Transthoracic,,,,,,,,,,,,,,,,,,,,
11,12,Arizona Cardiology Group,33.469373,-112.06854,granted,"340 E. Palm Lane, Suite 175",,Phoenix,AZ,85004,USA,,www.azcard.com,,vascular,,Arizona Cardiology Group Phoenix,,,,,,,,,"Aug 31, 2025","Extracranial Cerebrovascular Testing, Peripheral Arterial Testing, Peripheral Venous Testing",,,,,,,,,,,,,,
12,13,Arizona Cardiology Group,33.469373,-112.06854,granted,340 East Palm Lane,Suite 175,Phoenix,AZ,85004,USA,,,,echo,www.google.com/search?q=Arizona+Cardiology+Group,Arizona Cardiology Group Phoenix,,,"Jan 31, 2025",Adult Transthoracic,,,,,,,,,,,,,,,,,,,,
13,14,Arizona Cardiology Group,33.67028,-111.921003,granted,20201 N. Scottsdale Healthcare Drive,Suite 110,Scottsdale,AZ,85255,USA,,,,echo,www.google.com/search?q=Arizona+Cardiology+Group,Arizona Cardiology Group Scottsdale,,,"Jan 31, 2025",Adult Transthoracic,,,,,,,,,,,,,,,,,,,,
14,15,Arizona Center for Hand Surgery,33.476614,-112.06633,granted,370 E Virginia Ave Ste 100,,Phoenix,AZ,85004,USA,,www.achssurgeons.com ,,ct,,Arizona Center for Hand Surgery Phoenix,"May 31, 2024",Body CT,,,,,,,,,,,,,,,,,,,,,,
15,16,"Arizona Coast Ear, Nose and Throat, LTD.",34.47685,-114.33995,granted,1760 McCulloch Blvd N,Ste 100,Lake Havasu City,AZ,86403,USA,,www.azcoastent.com,,ct,,"Arizona Coast Ear, Nose and Throat, LTD. Lake Havasu City","Aug 31, 2024",Maxillofacial CT,,,,,,,,,,,,,,,,,,,,,,
16,17,Arizona Desert ENT Specialists,33.46426,-112.351109,granted,13555 West Mcdowell road,Suite 209,Goodyear,AZ,85395,USA,,azdesertent.com,,ct,,Arizona Desert ENT Specialists Goodyear,"May 31, 2025",Maxillofacial CT,,,,,,,,,,,,,,,,,,,,,,
17,18,Arizona Desert ENT Specialists,33.505622,-112.036826,granted,2111e E Highland Ave b431,,Phoenix,AZ,85016,USA,,,,ct,www.google.com/search?q=Arizona+Desert+ENT+Specialists,Arizona Desert ENT Specialists Phoenix,"May 31, 2025",Maxillofacial CT,,,,,,,,,,,,,,,,,,,,,,
18,19,Arizona Heart and Rhythm Center,34.592063,-112.431622,granted,1958 Commerce Center Circle,,Prescott,AZ,86301,USA,,,,nuclear,www.google.com/search?q=Arizona+Heart+and+Rhythm+Center,Arizona Heart and Rhythm Center Prescott,,,,,,,"Dec 31, 2023",Positron Emission Tomography (PET),,,,,,,,,,,,,,,,
19,20,Arizona Heart and Rhythm Center,33.481033,-112.042094,granted,2921 North 18th Place,,Phoenix,AZ,85016,USA,,,,nuclear,www.google.com/search?q=Arizona+Heart+and+Rhythm+Center,Arizona Heart and Rhythm Center Phoenix,,,,,,,"Dec 31, 2023",Positron Emission Tomography (PET),,,,,,,,,,,,,,,,
20,21,Arizona Heart and Vascular Clinic,33.654339,-112.195683,granted,6316 W. Union Hills Drive,Suite 210,Glendale,AZ,85308,USA,,www.acvcusa.com,,echo,,Arizona Heart and Vascular Clinic Glendale,,,"Aug 31, 2023",Adult Transthoracic,,,,,,,,,,,,,,,,,,,,
21,22,Arizona Heart Doctor,33.392961,-111.899313,granted,2045 South Vineyard Ave 119,,Mesa,AZ,85210,USA,,www.azheartdoctor.com,,echo,,Arizona Heart Doctor Mesa,,,"Sep 30, 2023","Adult Stress, Adult Transthoracic",,,,,,,,,,,,,,,,,,,,
22,23,Arizona Heart Doctor,33.480306,-112.079797,granted,333 W. Thomas Road,#206,Phoenix,AZ,85013,USA,,,,nuclear,www.google.com/search?q=Arizona+Heart+Doctor,Arizona Heart Doctor Phoenix,,,,,,,"Jul 31, 2023",Myocardial Perfusion Imaging,,,,,,,,,,,,,,,,
23,24,"Arizona Heart Doctor, LLC",33.377453,-111.84442,granted,2045 South Vineyard Avenue,Suite 119,Mesa,AZ,85210,USA,,www.azheartdoctor.com/,,nuclear,,"Arizona Heart Doctor, LLC Mesa",,,,,,,"Jul 31, 2023",Myocardial Perfusion Imaging,,,,,,,,,,,,,,,,
24,25,"Arizona Heart Doctor, Phoenix",33.48033,-112.07676,granted,"333 West Thomas Road, Suite 206 and 208A",,Phoenix,AZ,85013,USA,,www.azheartdoctor.com,,echo,,"Arizona Heart Doctor, Phoenix Phoenix",,,"Sep 30, 2023","Adult Stress, Adult Transthoracic",,,,,,,,,,,,,,,,,,,,
25,26,Arizona Heart Institute,33.476892,-112.038924,granted,1910 E Thomas Rd,Suite 200,Phoenix,AZ,85016,USA,,www.azheart.com,,nuclear,,Arizona Heart Institute Phoenix,,,,,,,"Aug 31, 2023",Myocardial Perfusion Imaging,,,,,,,,,,,,,,,,
26,27,Arizona Heart Rhythm Center,34.592063,-112.431622,granted,1958 Commerce Center Circle,,Prescott,AZ,86301,USA,,,,nuclear,www.google.com/search?q=Arizona+Heart+Rhythm+Center,Arizona Heart Rhythm Center Prescott,,,,,,,"Jun 30, 2023",Myocardial Perfusion Imaging,,,,,,,,,,,,,,,,
27,28,Arizona Heart Rhythm Center,33.609492,-112.261518,granted,13760 N. 93rd Ave,Suite #203,Peoria,AZ,85381,USA,,,,nuclear,www.google.com/search?q=Arizona+Heart+Rhythm+Center,Arizona Heart Rhythm Center Peoria,,,,,,,"Jun 30, 2023",Myocardial Perfusion Imaging,,,,,,,,,,,,,,,,
28,29,Arizona Heart Rhythm Center,33.480249,-112.041758,granted,1848 E. Thomas Rd,Suite #100,Phoenix,AZ,85016,,,,,nuclear,www.google.com/search?q=Arizona+Heart+Rhythm+Center,Arizona Heart Rhythm Center Phoenix,,,,,,,"Jun 30, 2023",Myocardial Perfusion Imaging,,,,,,,,,,,,,,,,
29,30,"Arizona Imaging Specialists, LLC",33.52374,-112.063825,granted,727 E Bethany Home Road Suite A-106,,Phoenix,AZ,85014,USA,,www.azdoppler.com,,vascular,,"Arizona Imaging Specialists, LLC Phoenix",,,,,,,,,"Sep 29, 2022 | Jul 31, 2025","Peripheral Venous Testing | Extracranial Cerebrovascular Testing, Peripheral Arterial Testing",,,,,,,,,,,,,,
30,31,"Arthritis Center of Yuma, Inc.",32.683885,-114.645256,granted,"2095 W. 24th St., Ste. C",,Yuma,AZ,85364,USA,,,,mr,"www.google.com/search?q=Arthritis+Center+of+Yuma,+Inc.","Arthritis Center of Yuma, Inc. Yuma",,,,,"Dec 31, 2023",Musculoskeletal MRI,,,,,,,,,,,,,,,,,,
31,32,Aspire Allergy and Sinus,33.338702,-111.859096,granted,2248 North Alma School Road,Suite 104,Chandler,AZ,85224,USA,,,,ct,www.google.com/search?q=Aspire+Allergy+and+Sinus,Aspire Allergy and Sinus Chandler,"Aug 31, 2025",Maxillofacial CT,,,,,,,,,,,,,,,,,,,,,,
32,33,Avondale Medical Center,33.449833,-112.352855,granted,501 W. Van Buren St,Suite T,Avondale,AZ,85323,USA,,,,nuclear,www.google.com/search?q=Avondale+Medical+Center,Avondale Medical Center Avondale,,,,,,,"Jun 30, 2023",Myocardial Perfusion Imaging,,,,,,,,,,,,,,,,
33,34,Banner Baywood Medical Center,33.41047,-111.687166,granted,6644 East Baywood Avenue,,Mesa,AZ,85206,USA,,,,echo,www.google.com/search?q=Banner+Baywood+Medical+Center,Banner Baywood Medical Center Mesa,,,"Jun 30, 2024",Adult Transthoracic,,,,,,,,,,,,,,,,,,,,
34,35,Banner Boswell Medical Centerr,33.604802,-112.28344,granted,10401 West Thunderbird Boulevard,,Sun City,AZ,85351,USA,,,,echo,www.google.com/search?q=Banner+Boswell+Medical+Centerr,Banner Boswell Medical Centerr Sun City,,,"Nov 29, 2022",Adult Transthoracic,,,,,,,,,,,,,,,,,,,,
35,36,Banner Cardon Children’s Medical Center,33.39091,-111.874624,granted,1400 South Dobson Road,,Mesa,AZ,85202,USA,,,,pediatric_echo,www.google.com/search?q=Banner+Cardon+Children’s+Medical+Center,Banner Cardon Children’s Medical Center Mesa,,,,,,,,,,,"May 31, 2023","Pediatric Transthoracic, Fetal",,,,,,,,,,,,
36,37,Banner Casa Grande Medical Center,32.879608,-111.709253,granted,1800 E. Florence Blvd.,,Casa Grande,AZ,85122,USA,,,,echo,www.google.com/search?q=Banner+Casa+Grande+Medical+Center,Banner Casa Grande Medical Center Casa Grande,,,"Sep 30, 2023",Adult Transthoracic,,,,,,,,,,,,,,,,,,,,
37,38,Banner Children’s Specialists Cardiology Glendale,33.610724,-112.174804,granted,5310 W. Thunderbird Rd,Ste. 214,Glendale,AZ,85306,USA,,,,pediatric_echo,www.google.com/search?q=Banner+Children’s+Specialists+Cardiology+Glendale,Banner Children’s Specialists Cardiology Glendale Glendale,,,,,,,,,,,"May 31, 2023","Pediatric Transthoracic, Fetal",,,,,,,,,,,,
38,39,Banner Children’s Specialists Cardiology Mesa,33.389643,-111.874641,granted,1432 S. Dobson Rd.,Ste. 512,Mesa,AZ,85202,USA,,,,pediatric_echo,www.google.com/search?q=Banner+Children’s+Specialists+Cardiology+Mesa,Banner Children’s Specialists Cardiology Mesa Mesa,,,,,,,,,,,"May 31, 2023","Pediatric Transthoracic, Fetal",,,,,,,,,,,,
39,40,Banner Del E. Webb Medical Center,33.658307,-112.371939,granted,14502 West Meeker Boulevard,,Sun City West,AZ,85375,USA,,Bannerhealth.com,,echo,,Banner Del E. Webb Medical Center Sun City West,,,"Mar 31, 2024",Adult Transthoracic,,,,,,,,,,,,,,,,,,,,
40,41,Banner Desert Medical Center,33.39091,-111.874624,granted,1400 South Dobson Road,,Mesa,AZ,85202,USA,,,,echo,www.google.com/search?q=Banner+Desert+Medical+Center,Banner Desert Medical Center Mesa,,,"Sep 30, 2024",Adult Transthoracic,,,,,,,,,,,,,,,,,,,,
41,42,Banner Estrella Medical Center,33.479558,-112.257936,granted,9201 West Thomas Road,,Phoenix,AZ,85037,USA,,,,echo,www.google.com/search?q=Banner+Estrella+Medical+Center,Banner Estrella Medical Center Phoenix,,,"Feb 29, 2024",Adult Transthoracic,,,,,,,,,,,,,,,,,,,,
42,43,Banner Health Clinic Chandler Vascular,33.33246,-111.859094,granted,1940 North Alma School Road,,Chandler,AZ,85224,USA,,www.bannerhealth.com,,vascular,,Banner Health Clinic Chandler Vascular Chandler,,,,,,,,,"Oct 31, 2023","Extracranial Cerebrovascular Testing, Peripheral Arterial Testing, Peripheral Venous Testing, Visceral Vascular Testing",,,,,,,,,,,,,,
43,44,Banner Heart Hospital,33.410429,-111.686221,granted,6750 East Baywood Avenue,,Mesa,AZ,85206,USA,,,,echo,www.google.com/search?q=Banner+Heart+Hospital,Banner Heart Hospital Mesa,,,"Jun 30, 2024",Adult Transthoracic,,,,,,,,,,,,,,,,,,,,
44,45,Banner Thunderbird Medical Center,33.610731,-112.178606,granted,5555 West Thunderbird Road,,Glendale,AZ,85306,USA,,,,echo,www.google.com/search?q=Banner+Thunderbird+Medical+Center,Banner Thunderbird Medical Center Glendale,,,"Mar 31, 2023",Adult Transthoracic,,,,,,,,,,,,,,,,,,,,
45,46,Banner University Medical Center Clinics at Nogales,31.365253,-110.933906,granted,1209 W. Target Range Rd. Suite 102,,Nogales,AZ,85621,USA,,www.bannerhealth.com/,,pediatric_echo,,Banner University Medical Center Clinics at Nogales Nogales,,,,,,,,,,,"Apr 30, 2024",Pediatric Transthoracic,,,,,,,,,,,,
46,47,Banner University Medical Center Clinics at Sierra Vista,31.50474,-110.256251,granted,3533 Canyon de Flores,Suite C,Sierra Vista,AZ,85650,USA,,www.bannerhealth.com/,,pediatric_echo,,Banner University Medical Center Clinics at Sierra Vista Sierra Vista,,,,,,,,,,,"Apr 30, 2024",Pediatric Transthoracic,,,,,,,,,,,,
47,48,Banner University Medical Center Phoenix,33.465724,-112.058127,granted,1111 East McDowell Road,Anc-2,Phoenix,AZ,85006,USA,,www.bannerhealth.com/GoodSam/,,echo,,Banner University Medical Center Phoenix Phoenix,,,"Jun 30, 2025","Adult Stress, Adult Transesophageal, Adult Transthoracic",,,,,,,,,,,,,,,,,,,,
48,49,Banner University Medical Center Vascular Laboratory,32.240664,-110.944076,granted,3838 N Campbell Ave,,Tucson,AZ,85719,USA,,www.Bannerhealth.com,,vascular,,Banner University Medical Center Vascular Laboratory Tucson,,,,,,,,,"Apr 30, 2023","Extracranial Cerebrovascular Testing, Peripheral Arterial Testing, Peripheral Venous Testing",,,,,,,,,,,,,,
49,50,"Banner University Medical Group, Pediatric Cardiology",32.2277917,-110.8580361,granted,535 North Wilmot Road,,Tucson,AZ,85711,USA,,www.bannerhealth.com,,pediatric_echo,,"Banner University Medical Group, Pediatric Cardiology Tucson",,,,,,,,,,,"Apr 30, 2024","Pediatric Transesophageal, Pediatric Transthoracic, Fetal",,,,,,,,,,,,
50,51,Banner University Medicine Clinics at Northwest,32.320819,-111.012262,granted,6261 N. La Cholla Blvd. Suite 131,,Tucson,AZ,85741,USA,,www.bannerhealth.com,,pediatric_echo,,Banner University Medicine Clinics at Northwest Tucson,,,,,,,,,,,"Apr 30, 2024","Pediatric Transthoracic, Fetal",,,,,,,,,,,,
51,52,Banner University Medicine Heart Institute,33.465728,-112.062659,granted,755 E McDowell Rd,Floor 4,Phoenix,AZ,85006,USA,,,,echo,www.google.com/search?q=Banner+University+Medicine+Heart+Institute,Banner University Medicine Heart Institute Phoenix,,,"Jun 30, 2025","Adult Stress, Adult Transthoracic",,,,,,,,,,,,,,,,,,,,
52,53,Banner-University Medical Center Green Valley Physician Offices,31.854065,-110.998348,granted,1141 South La Cañada Drive,,Green Valley,AZ,85614,USA,,,,echo,www.google.com/search?q=Banner-University+Medical+Center+Green+Valley+Physician+Offices,Banner-University Medical Center Green Valley Physician Offices Green Valley,,,"Oct 30, 2022",Adult Transthoracic,,,,,,,,,,,,,,,,,,,,
53,54,Banner-University Medical Center South Campus,32.177882,-110.930891,granted,2800 E. Ajo Way,,Tucson,AZ,85713,USA,,,,echo,www.google.com/search?q=Banner-University+Medical+Center+South+Campus,Banner-University Medical Center South Campus Tucson,,,"Oct 30, 2022",Adult Transthoracic,,,,,,,,,,,,,,,,,,,,
54,55,Banner-University Medical Center Tucson,32.24216,-110.94409,multigranted,1625 N. Campbell Avenue,"Tucson Campus, 2nd Floor, Diagnostic Cardiology",Tucson,AZ,85719,USA,,www.uahealth.com/services/heart-health,,"echo, pediatric_echo",,Banner-University Medical Center Tucson Tucson,,,"Oct 30, 2022","Adult Stress, Adult Transesophageal, Adult Transthoracic",,,,,,,"Apr 30, 2024","Pediatric Transesophageal, Pediatric Transthoracic, Fetal",,,,,,,,,,,,
55,56,Banner-University Medical Center Tucson North Campus,32.283939,-110.943815,granted,3838 N. Campbell Ave.,,Tucson,AZ,85719,USA,,,,echo,www.google.com/search?q=Banner-University+Medical+Center+Tucson+North+Campus,Banner-University Medical Center Tucson North Campus Tucson,,,"Oct 30, 2022","Adult Stress, Adult Transthoracic",,,,,,,,,,,,,,,,,,,,
56,57,"Biltmore Cardiology, PLLC",32.879627,-111.705833,granted,1890 E Florence Suite 1,,Casa Grande,AZ,85122,USA,,,,echo,"www.google.com/search?q=Biltmore+Cardiology,+PLLC","Biltmore Cardiology, PLLC Casa Grande",,,"Jun 30, 2023",Adult Transthoracic,,,,,,,,,,,,,,,,,,,,
57,58,"Biltmore Cardiology, PLLC",33.509614,-112.022004,granted,2777 East Camelback Rd,Suite 200,Phoenix,AZ,85016,USA,,www.biltmorecardiology.com,,echo,,"Biltmore Cardiology, PLLC Phoenix",,,"Jun 30, 2023","Adult Stress, Adult Transthoracic",,,,,,,,,,,,,,,,,,,,
58,59,"Biltmore Cardiology, PLLC",34.23155,-111.320389,granted,708 Coeur D’Alene Suite A,,Payson,AZ,85541,USA,,,,echo,"www.google.com/search?q=Biltmore+Cardiology,+PLLC","Biltmore Cardiology, PLLC Payson",,,"Jun 30, 2023",Adult Transthoracic,,,,,,,,,,,,,,,,,,,,
59,60,Biltmore Ear Nose and Throat - Phoenix,33.50144,-112.012991,granted,4400 N. 32nd Street,Suite 220,Phoenix,AZ,85018,USA,,,,ct,www.google.com/search?q=Biltmore+Ear+Nose+and+Throat+-+Phoenix,Biltmore Ear Nose and Throat - Phoenix Phoenix,"Dec 31, 2022",Maxillofacial CT,,,,,,,,,,,,,,,,,,,,,,
60,61,"Brian G. Lee, M.D., PLLC",33.487651,-111.925051,granted,7245 E. Osborn Road,Suite 1,Scottsdale,AZ,85251,USA,,,,ct,"www.google.com/search?q=Brian+G.+Lee,+M.D.,+PLLC","Brian G. Lee, M.D., PLLC Scottsdale","Apr 30, 2023",Maxillofacial CT,,,,,,,,,,,,,,,,,,,,,,
61,62,CAI NCP East Mesa JV LLC,33.379543,-111.840691,granted,"1940 S. Country Club Dr., Ste.110",,Mesa,AZ,85210,USA,,www.caiaz.com,,nuclear,,CAI NCP East Mesa JV LLC Mesa,,,,,,,"Apr 30, 2024","Equilibrium Radionuclide Angiography, Myocardial Perfusion Imaging",,,,,,,,,,,,,,,,
62,63,CAI NCP East Mesa JV LLC,33.389736,-111.60964,granted,10238 E. Hampton Ave. Ste. 501,,Mesa,AZ,85209,USA,,www.caiaz.com,,nuclear,,CAI NCP East Mesa JV LLC Mesa,,,,,,,"Apr 30, 2024","Equilibrium Radionuclide Angiography, Myocardial Perfusion Imaging",,,,,,,,,,,,,,,,
63,64,Camp Lowell Cardiology,32.265276,-110.890477,granted,4790 E. Camp Lowell Dr.,,Tucson,AZ,85712,USA,,www.camplowellcardiology.com,,nuclear,,Camp Lowell Cardiology Tucson,,,,,,,"Nov 30, 2023",Myocardial Perfusion Imaging,,,,,,,,,,,,,,,,
64,65,Camp Lowell Cardiology,32.265276,-110.890477,granted,4790 East Camp Lowell Drive,,Tucson,AZ,85712,USA,,,,echo,www.google.com/search?q=Camp+Lowell+Cardiology,Camp Lowell Cardiology Tucson,,,"Aug 31, 2023",Adult Transthoracic,,,,,,,,,,,,,,,,,,,,
65,66,"Cardiac and Arrythmia Institute, LLC",33.379453,-111.840746,granted,1940 South Country Club Road,Ste 103,Mesa,AZ,85210,USA,,,,echo,"www.google.com/search?q=Cardiac+and+Arrythmia+Institute,+LLC","Cardiac and Arrythmia Institute, LLC Mesa",,,"May 31, 2024","Adult Stress, Adult Transthoracic",,,,,,,,,,,,,,,,,,,,
66,67,"Cardiac Arrhythmia Institute, LLC",33.389736,-111.60964,granted,10238 East Hampton Avenue,Suite 501,Mesa,AZ,85209,USA,,,,echo,"www.google.com/search?q=Cardiac+Arrhythmia+Institute,+LLC","Cardiac Arrhythmia Institute, LLC Mesa",,,"May 31, 2024","Adult Stress, Adult Transthoracic",,,,,,,,,,,,,,,,,,,,
67,68,Cardiac Care,34.588721,-112.326712,granted,3185 Windsong Drive,,Prescott Valley,AZ,86314,USA,,www.cardiaccare.info,,echo,,Cardiac Care Prescott Valley,,,"Mar 31, 2025",Adult Transthoracic,,,,,,,,,,,,,,,,,,,,
68,69,Cardiac Care Consultants,33.608155,-112.260315,multigranted,13634 N. 93rd Avenue,Suite 300,Peoria,AZ,85381,USA,,,,"nuclear, echo",www.google.com/search?q=Cardiac+Care+Consultants,Cardiac Care Consultants Peoria,,,"Apr 30, 2024",Adult Transthoracic,,,"Jul 31, 2023",Myocardial Perfusion Imaging,,,,,,,,,,,,,,,,
69,70,Cardiac Solutions,33.603346,-112.262751,granted,13460 N. 94th Dr Ste J-1,,Peoria,AZ,85381,USA,,,,nuclear,www.google.com/search?q=Cardiac+Solutions,Cardiac Solutions Peoria,,,,,,,"Oct 31, 2023",Myocardial Perfusion Imaging,,,,,,,,,,,,,,,,
70,71,Cardiac Solutions,33.603346,-112.262751,granted,13460 N 94th Dr,Suite J-1,Peoria,AZ,85381,USA,,www.cardiacsolutions.net,,echo,,Cardiac Solutions Peoria,,,"Dec 31, 2022",Adult Transthoracic,,,,,,,,,,,,,,,,,,,,
71,72,Cardiac Solutions,33.659019,-112.369828,granted,14420 West Meeker Boulevard,,Sun City West,AZ,85375,USA,,www.cardiacsolutions.net,,echo,,Cardiac Solutions Sun City West,,,"Dec 31, 2022",Adult Transthoracic,,,,,,,,,,,,,,,,,,,,
72,73,Cardiac Solutions,33.636663,-112.180024,granted,5651 Talavi Blvd,suite 160,Glendale,AZ,85306,USA,,www.cardiacsolutions.net,,echo,,Cardiac Solutions Glendale,,,"Dec 31, 2022",Adult Transthoracic,,,,,,,,,,,,,,,,,,,,
73,74,Cardiac Solutions,33.659019,-112.369828,granted,14420 W Meeker Blvd,Suite 211,Sun City West,AZ,85375,USA,,cardiacsolutions.net,,nuclear,,Cardiac Solutions Sun City West,,,,,,,"Oct 31, 2023",Myocardial Perfusion Imaging,,,,,,,,,,,,,,,,
74,75,Cardiac Solutions,33.636663,-112.180024,granted,5651 W Talavi Blvd Suite 160,,Glendale,AZ,85306,USA,,,,nuclear,www.google.com/search?q=Cardiac+Solutions,Cardiac Solutions Glendale,,,,,,,"Oct 31, 2023",Myocardial Perfusion Imaging,,,,,,,,,,,,,,,,
75,76,"CardioJost, Inc.",33.412845,-111.684533,multigranted,7529 E. Broadway Rd.,,Mesa,AZ,85208,USA,,www.swcva.com,,"vascular, echo",,"CardioJost, Inc. Mesa",,,"Feb 29, 2024",Adult Transthoracic,,,,,"Sep 30, 2023","Peripheral Arterial Testing, Peripheral Venous Testing",,,,,,,,,,,,,,
76,77,"Cardiothoracic and Vascular Surgeons, Ltd.",33.602121,-112.262764,granted,13090 North 94th Drive,Suite 202,Peoria,AZ,85381,USA,,,,vascular,"www.google.com/search?q=Cardiothoracic+and+Vascular+Surgeons,+Ltd.","Cardiothoracic and Vascular Surgeons, Ltd. Peoria",,,,,,,,,"Dec 31, 2024",Peripheral Venous Testing,,,,,,,,,,,,,,
77,78,"Cardiovascular Associates of Arizona, LLC",33.409917,-110.827007,granted,5882 S. Hospital Dr,Suite #1,Globe,AZ,85501,USA,,,,nuclear,"www.google.com/search?q=Cardiovascular+Associates+of+Arizona,+LLC","Cardiovascular Associates of Arizona, LLC Globe",,,,,,,"Jun 30, 2023",Myocardial Perfusion Imaging,,,,,,,,,,,,,,,,
78,79,Cardiovascular Associates of Mesa - Ironwood,33.285582,-111.75056,granted,"37100 N. Gantzel Rd., Ste. 202",,Queen Creek,AZ,85140,USA,,,,nuclear,www.google.com/search?q=Cardiovascular+Associates+of+Mesa+-+Ironwood,Cardiovascular Associates of Mesa - Ironwood Queen Creek,,,,,,,"Jul 31, 2023",Myocardial Perfusion Imaging,,,,,,,,,,,,,,,,
79,80,"Cardiovascular Associates of Mesa, PC",33.41348,-111.699022,granted,6116 East Arbor Avenue,Suite 112,Mesa,AZ,85206,USA,,cvam.com,,nuclear,,"Cardiovascular Associates of Mesa, PC Mesa",,,,,,,"Jul 31, 2023",Myocardial Perfusion Imaging,,,,,,,,,,,,,,,,
80,81,Cardiovascular Center of Yuma,32.682184,-114.633214,granted,2475 S. Ave. A,,Yuma,AZ,85364,USA,,,,nuclear,www.google.com/search?q=Cardiovascular+Center+of+Yuma,Cardiovascular Center of Yuma Yuma,,,,,,,"Nov 30, 2024",Myocardial Perfusion Imaging,,,,,,,,,,,,,,,,
81,82,"Cardiovascular Consultants, Ltd - Scottsdale North Office",33.579715,-111.881679,granted,10210 N. 92nd Street,Suite 301,Scottsdale,AZ,85258,USA,,,,nuclear,"www.google.com/search?q=Cardiovascular+Consultants,+Ltd+-+Scottsdale+North+Office","Cardiovascular Consultants, Ltd - Scottsdale North Office Scottsdale",,,,,,,"Nov 30, 2023",Myocardial Perfusion Imaging,,,,,,,,,,,,,,,,
82,83,"Cardiovascular Consultants, Ltd - Scottsdale South Office",33.489661,-111.92606,granted,3501 N. Scottsdale Road,Suite 348,Scottsdale,AZ,85251,USA,,cvcheart.com,,nuclear,,"Cardiovascular Consultants, Ltd - Scottsdale South Office Scottsdale",,,,,,,"Nov 30, 2023",Myocardial Perfusion Imaging,,,,,,,,,,,,,,,,
83,84,"Cardiovascular Consultants, Ltd - Thunderbird Office",33.610727,-112.176492,granted,5422 W. Thunderbird Road,Suite 8,Glendale,AZ,85306,USA,,,,nuclear,"www.google.com/search?q=Cardiovascular+Consultants,+Ltd+-+Thunderbird+Office","Cardiovascular Consultants, Ltd - Thunderbird Office Glendale",,,,,,,"Nov 30, 2023","Equilibrium Radionuclide Angiography, Myocardial Perfusion Imaging",,,,,,,,,,,,,,,,
84,85,"Cardiovascular Consultants, Ltd - Thunderbird Office B",33.610727,-112.176492,granted,5422 W. Thunderbird Road,Suite 8,Glendale,AZ,85306,USA,,,,nuclear,"www.google.com/search?q=Cardiovascular+Consultants,+Ltd+-+Thunderbird+Office+B","Cardiovascular Consultants, Ltd - Thunderbird Office B Glendale",,,,,,,"Nov 30, 2023",Positron Emission Tomography (PET),,,,,,,,,,,,,,,,
85,86,"Cardiovascular Consultants, Ltd.",33.640593,-112.000069,granted,3805 East Bell Road,Suite 3100,Phoenix,AZ,85032,USA,,cvcheart.com,,echo,,"Cardiovascular Consultants, Ltd. Phoenix",,,"Aug 31, 2023",Adult Transthoracic,,,,,,,,,,,,,,,,,,,,
86,87,"Cardiovascular Consultants, Ltd.-Corporate Office",33.640593,-112.000069,granted,3805 Bell Road,Suite 3100,Phoenix,AZ,85032,USA,,,,nuclear,"www.google.com/search?q=Cardiovascular+Consultants,+Ltd.-Corporate+Office","Cardiovascular Consultants, Ltd.-Corporate Office Phoenix",,,,,,,"Nov 30, 2023","Equilibrium Radionuclide Angiography, Myocardial Perfusion Imaging, Positron Emission Tomography (PET)",,,,,,,,,,,,,,,,
87,88,Cardiovascular Institute of Northern Arizona,35.184328,-111.674548,multigranted,2000 South Thompson Street,,Flagstaff,AZ,86001,USA,,,,"vascular, echo",www.google.com/search?q=Cardiovascular+Institute+of+Northern+Arizona,Cardiovascular Institute of Northern Arizona Flagstaff,,,"Jul 31, 2024","Adult Stress, Adult Transthoracic",,,,,"Mar 01, 2023","Extracranial Cerebrovascular Testing, Peripheral Arterial Testing, Peripheral Venous Testing",,,,,,,,,,,,,,
88,89,Cardiovascular Institute of Scottsdale,33.578102,-111.880462,granted,10101 N. 92nd Street,Suite 101,Scottsdale,AZ,85258,USA,,,,echo,www.google.com/search?q=Cardiovascular+Institute+of+Scottsdale,Cardiovascular Institute of Scottsdale Scottsdale,,,"May 31, 2023",Adult Transthoracic,,,,,,,,,,,,,,,,,,,,
89,90,Cedars Heart Clinic,33.298728,-111.87553,granted,1960 W. Frye Rd,Suite 5,Chandler,AZ,85224,USA,,,,nuclear,www.google.com/search?q=Cedars+Heart+Clinic,Cedars Heart Clinic Chandler,,,,,,,"Nov 30, 2024",Myocardial Perfusion Imaging,,,,,,,,,,,,,,,,
90,91,Cedars Heart Clinic,33.298728,-111.87553,granted,1960 W. Frye Road,Suite 5,Chandler,AZ,85224,USA,,,,echo,www.google.com/search?q=Cedars+Heart+Clinic,Cedars Heart Clinic Chandler,,,"Jan 31, 2024","Adult Stress, Adult Transthoracic",,,,,,,,,,,,,,,,,,,,
91,92,Cedars Heart Clinic,32.906791,-111.722555,granted,1968 N Peart Road,"Bldg B, Suite 4",Casa Grande,AZ,85122,USA,,,,echo,www.google.com/search?q=Cedars+Heart+Clinic,Cedars Heart Clinic Casa Grande,,,"Jan 31, 2024","Adult Stress, Adult Transthoracic",,,,,,,,,,,,,,,,,,,,
92,93,Central Arizona Heart Specialists,33.308529,-111.876359,granted,333 North Dobson Road Suite 11,,Chandler,AZ,85224,USA,,,,echo,www.google.com/search?q=Central+Arizona+Heart+Specialists,Central Arizona Heart Specialists Chandler,,,"Apr 30, 2025",Adult Transthoracic,,,,,,,,,,,,,,,,,,,,
93,94,"Central Arizona Heart Specialists, PLC",33.308529,-111.876359,granted,333 North Dobson Road,Suite 11,Chandler,AZ,85224,USA,,,,nuclear,"www.google.com/search?q=Central+Arizona+Heart+Specialists,+PLC","Central Arizona Heart Specialists, PLC Chandler",,,,,,,"Mar 31, 2024",Myocardial Perfusion Imaging,,,,,,,,,,,,,,,,
94,95,Chandler Cardiology Associates,33.298692,-111.873745,multigranted,1850 W. Frye Road,Suite 101,Chandler,AZ,85224,USA,,chandlercardiology.com,,"nuclear, echo",,Chandler Cardiology Associates Chandler,,,"Apr 30, 2025",Adult Transthoracic,,,"May 31, 2024",Myocardial Perfusion Imaging,,,,,,,,,,,,,,,,
95,96,Chandler Regional Medical Center,33.298635,-111.875109,granted,1955 W Frye Road,,Chandler,AZ,85224,USA,,,,echo,www.google.com/search?q=Chandler+Regional+Medical+Center,Chandler Regional Medical Center Chandler,,,"Jun 30, 2025",Adult Transthoracic,,,,,,,,,,,,,,,,,,,,
96,97,Comprehensive Interventional Care Center,33.617568,-112.291342,granted,10214 N. Tatum Blvd,Suite #B300,Phoenix,AZ,85028,USA,,,,nuclear,www.google.com/search?q=Comprehensive+Interventional+Care+Center,Comprehensive Interventional Care Center Phoenix,,,,,,,"Jun 30, 2023",Myocardial Perfusion Imaging,,,,,,,,,,,,,,,,
97,98,Comprehensive Interventional Care Center,33.379126,-111.746801,granted,838 W. Elliot Rd,Suite #101,Gilbert,AZ,85233,USA,,,,nuclear,www.google.com/search?q=Comprehensive+Interventional+Care+Center,Comprehensive Interventional Care Center Gilbert,,,,,,,"Jun 30, 2023",Myocardial Perfusion Imaging,,,,,,,,,,,,,,,,
98,99,CVC-AWO,33.654845,-112.199367,granted,18700 North 64th Drive,Suite 101,Glendale,AZ,85308,USA,,www.cvcheart.com,,echo,,CVC-AWO Glendale,,,"Aug 31, 2023",Adult Transthoracic,,,,,,,,,,,,,,,,,,,,
99,100,CVC-DVO,33.665112,-112.11732,granted,19646 North 27th Avenue,Suite 408,Phoenix,AZ,85027,USA,,www.cvcheart.com,,echo,,CVC-DVO Phoenix,,,"Aug 31, 2023",Adult Transthoracic,,,,,,,,,,,,,,,,,,,,
100,101,CVC-SNO,33.579715,-111.881679,granted,10210 North 92nd Street,Suite 301,Scottsdale,AZ,85255,USA,,www.cvcheart.com ,,echo,,CVC-SNO Scottsdale,,,"Aug 31, 2023",Adult Transthoracic,,,,,,,,,,,,,,,,,,,,
101,102,CVC-SSO,33.489661,-111.92606,granted,3501 North Scottsdale Road,#348,Scottsdale,AZ,85251,USA,,www.cvcheart.com,,echo,,CVC-SSO Scottsdale,,,"Aug 31, 2023",Adult Transthoracic,,,,,,,,,,,,,,,,,,,,
102,103,CVC-TBO,33.610727,-112.176492,granted,5422 West Thunderbird Road,Suite 8,Glendale,AZ,85306,USA,,www.cvcheart.com,,echo,,CVC-TBO Glendale,,,"Aug 31, 2023",Adult Transthoracic,,,,,,,,,,,,,,,,,,,,
103,104,Dignity Health - Yavapai Regional Medical Center East,34.588152,-112.330284,granted,7700 E Florentine Rd,,Prescott Valley,AZ,86315,USA,,,,echo,www.google.com/search?q=Dignity+Health+-+Yavapai+Regional+Medical+Center+East,Dignity Health - Yavapai Regional Medical Center East Prescott Valley,,,"Jun 30, 2024",Adult Transthoracic,,,,,,,,,,,,,,,,,,,,
104,105,Dignity Health - Yavapai Regional Medical Center West,34.558983,-112.482048,granted,1003 Willow Creek Road,,Prescott,AZ,86301,USA,,,,echo,www.google.com/search?q=Dignity+Health+-+Yavapai+Regional+Medical+Center+West,Dignity Health - Yavapai Regional Medical Center West Prescott,,,"Jun 30, 2024",Adult Transthoracic,,,,,,,,,,,,,,,,,,,,
105,106,East Valley Cardiology,33.069019,-112.046047,granted,20924 N John Wayne Parkway D-4,,Maricopa,AZ,85139,USA,,,,echo,www.google.com/search?q=East+Valley+Cardiology,East Valley Cardiology Maricopa,,,"Mar 31, 2024",Adult Transthoracic,,,,,,,,,,,,,,,,,,,,
106,107,East Valley Cardiology,33.312734,-111.876373,granted,595 North Dobson Road,Suite C48,Chandler,AZ,85224,USA,,,,echo,www.google.com/search?q=East+Valley+Cardiology,East Valley Cardiology Chandler,,,"Mar 31, 2024",Adult Transthoracic,,,,,,,,,,,,,,,,,,,,
107,108,Elite ENT,33.669549,-112.032144,granted,2340 E Beardsley Rd,Ste 260,Phoenix,AZ,85024,USA,,,,ct,www.google.com/search?q=Elite+ENT,Elite ENT Phoenix,"May 31, 2024",Maxillofacial CT,,,,,,,,,,,,,,,,,,,,,,
108,109,"Estrella Ear, Nose and Throat, PC",33.476802,-112.359396,granted,2700 N 140th Ave ste 107,,Goodyear,AZ,85395,USA,,estrellaent.com,,ct,,"Estrella Ear, Nose and Throat, PC Goodyear","Aug 31, 2024",Maxillofacial CT,,,,,,,,,,,,,,,,,,,,,,
109,110,Estrella ENT Sun City West,33.661961,-112.373209,granted,14506 West Granite Valley Drive,Suite 124,Sun City West,AZ,85375,USA,,www.estrellaent.com,,ct,,Estrella ENT Sun City West Sun City West,"Aug 31, 2024",Maxillofacial CT,,,,,,,,,,,,,,,,,,,,,,
110,111,F S Simonie MD pc,33.579715,-111.881679,granted,10210 North 92nd Street,Suite 205,Scottsdale,AZ,85258,USA,,,,echo,www.google.com/search?q=F+S+Simonie+MD+pc,F S Simonie MD pc Scottsdale,,,"Feb 29, 2024",Adult Transthoracic,,,,,,,,,,,,,,,,,,,,
111,112,Flagstaff Medical Center,35.209509,-111.644843,granted,1200 N Beaver St,,Flagstaff,AZ,86001,USA,,www.nahealth.com,,echo,,Flagstaff Medical Center Flagstaff,,,"Nov 29, 2022",Adult Transthoracic,,,,,,,,,,,,,,,,,,,,
112,113,Gilbert Cardiology,33.286432,-111.749481,granted,3505 S. Mercy Rd,,Gilbert,AZ,85297,USA,,,,echo,www.google.com/search?q=Gilbert+Cardiology,Gilbert Cardiology Gilbert,,,"May 31, 2024",Adult Transthoracic,,,,,,,,,,,,,,,,,,,,
113,114,Goldfield Cardiovascular Institute,33.406079,-111.546086,granted,99 S Gold Dr.,Suite #5,Apache Junction,AZ,85120,USA,,,,echo,www.google.com/search?q=Goldfield+Cardiovascular+Institute,Goldfield Cardiovascular Institute Apache Junction,,,"Aug 31, 2023",Adult Transthoracic,,,,,,,,,,,,,,,,,,,,
114,115,Goodyear,33.46426,-112.351109,granted,13555 W McDowell Rd Suite 202,,Goodyear,AZ,85395,USA,,www.biltmoreent.com,,ct,,Goodyear Goodyear,"Dec 31, 2022",Maxillofacial CT,,,,,,,,,,,,,,,,,,,,,,
115,116,"Gordon Gradon MD, LLC",32.702503,-114.598801,granted,1385 S Pacific Ave,,Yuma,AZ,85365,USA,,,,ct,"www.google.com/search?q=Gordon+Gradon+MD,+LLC","Gordon Gradon MD, LLC Yuma","May 31, 2023",Body CT,,,,,,,,,,,,,,,,,,,,,,
116,117,"Gordon Gradon, MD, LLC",32.669629,-114.598758,granted,1385 S Pacific Ave,,Yuma,AZ,85367,United States,,swoncologycenters.com,,nuclear,,"Gordon Gradon, MD, LLC Yuma",,,,,,,"Mar 31, 2024",Positron Emission Tomography (PET),,,,,,,,,,,,,,,,
117,118,"Gordon Gradon, MD, LLC",35.11076,-114.55333,granted,2755 Silver Creek Rd 115,,Bullhead City,AZ,86442,USA,,,,nuclear,"www.google.com/search?q=Gordon+Gradon,+MD,+LLC","Gordon Gradon, MD, LLC Bullhead City",,,,,,,"Mar 31, 2024",Positron Emission Tomography (PET),,,,,,,,,,,,,,,,
118,119,"Heart and Rhythm Solutions, LLC",33.289958,-111.876317,granted,1100 S. Dobson Rd,Suite A105,Chandler,AZ,85286,USA,,,,nuclear,"www.google.com/search?q=Heart+and+Rhythm+Solutions,+LLC","Heart and Rhythm Solutions, LLC Chandler",,,,,,,"Aug 31, 2023",Myocardial Perfusion Imaging,,,,,,,,,,,,,,,,
119,120,Heart and Vascular Center of Arizona,33.463409,-112.065032,granted,"1331 North 7th Street, Suite 375",,Phoenix,AZ,85006,USA,,,,nuclear,www.google.com/search?q=Heart+and+Vascular+Center+of+Arizona,Heart and Vascular Center of Arizona Phoenix,,,,,,,"Apr 30, 2025","Myocardial Perfusion Imaging, Positron Emission Tomography (PET)",,,,,,,,,,,,,,,,
120,121,Heart and Vascular Center of Arizona,33.479492,-112.26042,granted,9305 West Thomas Road,Suite 270,Phoenix,AZ,85037,USA,,,,nuclear,www.google.com/search?q=Heart+and+Vascular+Center+of+Arizona,Heart and Vascular Center of Arizona Phoenix,,,,,,,"Apr 30, 2025",Myocardial Perfusion Imaging,,,,,,,,,,,,,,,,
121,122,Heart and Vascular Center of Arizona,33.463409,-112.065032,granted,1331 North 7th Street,Suite 375,Phoenix,AZ,85006,USA,,www.heartcenteraz.com,,echo,,Heart and Vascular Center of Arizona Phoenix,,,"Jan 31, 2023",Adult Transthoracic,,,,,,,,,,,,,,,,,,,,
122,123,Heart and Vascular Center of Arizona,33.479492,-112.26042,granted,9305 West Thomas Road,#270,Phoenix,AZ,85037,USA,,www.heartcenteraz.com,,echo,,Heart and Vascular Center of Arizona Phoenix,,,"Jan 31, 2023",Adult Transthoracic,,,,,,,,,,,,,,,,,,,,
123,124,Heart One Associates,33.468359,-112.265165,granted,9520 W. Palm Lane Suite 150,,Phoenix,AZ,85037,USA,,www.heartoneaz.com,,echo,,Heart One Associates Phoenix,,,"Mar 31, 2023",Adult Transthoracic,,,,,,,,,,,,,,,,,,,,
124,125,Heart One Associates,33.610337,-112.254842,granted,13943 N 91st Ave,Suite F 101,Peoria,AZ,85381,United States,,heartoneaz.com,,echo,,Heart One Associates Peoria,,,"Mar 31, 2023",Adult Transthoracic,,,,,,,,,,,,,,,,,,,,
125,126,Heartcare Associates of Arizona,33.604909,-112.285886,granted,10503 W. Thunderbird Blvd,Suite 110,Sun City,AZ,85351,USA,,www.heartcarearizona.com,,nuclear,,Heartcare Associates of Arizona Sun City,,,,,,,"Jun 30, 2023",Myocardial Perfusion Imaging,,,,,,,,,,,,,,,,
126,127,Honor Health Heart Group,33.578373,-111.880624,granted,10200 North 92nd Street,Suite 150,Scottsdale,AZ,85258,USA,,,,echo,www.google.com/search?q=Honor+Health+Heart+Group,Honor Health Heart Group Scottsdale,,,"Aug 31, 2023","Adult Stress, Adult Transthoracic",,,,,,,,,,,,,,,,,,,,
127,128,Honor Health Scottsdale Osborn Medical Center,33.487639,-111.922725,granted,7400 East Osborn Road,,Scottsdale,AZ,85251,USA,,www.shc.org,,echo,,Honor Health Scottsdale Osborn Medical Center Scottsdale,,,"Apr 30, 2025",Adult Transthoracic,,,,,,,,,,,,,,,,,,,,
128,129,Honor Health Scottsdale Shea Medical Center,33.582467,-111.886032,granted,9003 East Shea Boulevard,,Scottsdale,AZ,85260,USA,,,,echo,www.google.com/search?q=Honor+Health+Scottsdale+Shea+Medical+Center,Honor Health Scottsdale Shea Medical Center Scottsdale,,,"Apr 30, 2025","Adult Stress, Adult Transesophageal, Adult Transthoracic",,,,,,,,,,,,,,,,,,,,
129,130,Honor Health Scottsdale Thompson Peak Medical Center,33.669777,-111.921803,granted,7400 East Thompson Peak Parkway,,Scottsdale,AZ,85255,USA,,,,echo,www.google.com/search?q=Honor+Health+Scottsdale+Thompson+Peak+Medical+Center,Honor Health Scottsdale Thompson Peak Medical Center Scottsdale,,,"Apr 30, 2025",Adult Transthoracic,,,,,,,,,,,,,,,,,,,,
130,131,HonorHealth Deer Valley Medical Center,33.666521,-112.117188,granted,19829 North 27th Ave,,Phoenix,AZ,85027,USA,,www.jcl.com/hospitals/deer-valley/,,echo,,HonorHealth Deer Valley Medical Center Phoenix,,,"Sep 29, 2022",Adult Transthoracic,,,,,,,,,,,,,,,,,,,,
131,132,HonorHealth Heart Group,33.638691,-112.191708,granted,"6220 W. Bell Rd., Suite 120",,Glendale,AZ,85308,USA,,,,echo,www.google.com/search?q=HonorHealth+Heart+Group,HonorHealth Heart Group Glendale,,,"Jun 30, 2025","Adult Stress, Adult Transthoracic",,,,,,,,,,,,,,,,,,,,
132,133,HonorHealth Heart Group,33.57016,-112.069534,granted,9250 North 3rd Street,Suite 2000,Phoenix,AZ,85020,USA,,www.nphc.com,,echo,,HonorHealth Heart Group Phoenix,,,"Jun 30, 2025","Adult Stress, Adult Transthoracic",,,,,,,,,,,,,,,,,,,,
133,134,HonorHealth Heart Group,33.66483,-112.117317,granted,19636 N. 27th Ave,Suite 401,Phoenix,AZ,85027,USA,,,,echo,www.google.com/search?q=HonorHealth+Heart+Group,HonorHealth Heart Group Phoenix,,,"Jun 30, 2025",Adult Transthoracic,,,,,,,,,,,,,,,,,,,,
134,135,HonorHealth Heart Group,33.653966,-111.977519,granted,18404 N Tatum Blvd Suite 201,,Phoenix,AZ,85032,USA,,,,echo,www.google.com/search?q=HonorHealth+Heart+Group,HonorHealth Heart Group Phoenix,,,"Jun 30, 2025",Adult Transthoracic,,,,,,,,,,,,,,,,,,,,
135,136,HonorHealth Heart Group Osborn,33.483511,-111.921837,granted,3099 North Civic Center Plaza,,Scottsdale,AZ,85251,USA,,,,nuclear,www.google.com/search?q=HonorHealth+Heart+Group+Osborn,HonorHealth Heart Group Osborn Scottsdale,,,,,,,"Jan 29, 2023",Myocardial Perfusion Imaging,,,,,,,,,,,,,,,,
136,137,HonorHealth John C. Lincoln Medical Center,33.567754,-112.07063,granted,250 East Dunlap Avenue,,Phoenix,AZ,85020,USA,,www.jcl.com/hospitals/north-mountain,,echo,,HonorHealth John C. Lincoln Medical Center Phoenix,,,"Sep 29, 2022",Adult Transthoracic,,,,,,,,,,,,,,,,,,,,
137,138,Ims Cardiology - Payson,34.227522,-111.330053,multigranted,111 W. Cedar Lane,,Payson,AZ,85541,USA,,,,"echo, nuclear",www.google.com/search?q=Ims+Cardiology+-+Payson,Ims Cardiology - Payson Payson,,,"Jun 30, 2025",Adult Transthoracic,,,"Jun 30, 2025",Myocardial Perfusion Imaging,,,,,,,,,,,,,,,,
138,139,Ims Cardiology -Avondale Main Location,33.464438,-112.292054,multigranted,10815 W. McDowell Road,Ste 202,Avondale,AZ,85392,USA,,www.imsaz.org,,"echo, nuclear",,Ims Cardiology -Avondale Main Location Avondale,,,"Jun 30, 2025",Adult Transthoracic,,,"Jun 30, 2025","Equilibrium Radionuclide Angiography, Myocardial Perfusion Imaging",,,,,,,,,,,,,,,,
139,140,Ims Cardiology-Bell Road,33.640593,-112.000072,multigranted,3815 E. Bell Rd,Suite 3300,Phoenix,AZ,85032,USA,,,,"echo, nuclear",www.google.com/search?q=Ims+Cardiology-Bell+Road,Ims Cardiology-Bell Road Phoenix,,,"Jun 30, 2025",Adult Transthoracic,,,"Jun 30, 2025","Equilibrium Radionuclide Angiography, Myocardial Perfusion Imaging",,,,,,,,,,,,,,,,
140,141,Ims Cardiology-Phoenix Baptist,33.525758,-112.099687,multigranted,6036 N. 19th Ave,Suite 510  and  501,Phoenix,AZ,85015,USA,,www.sonoranheart.com,,"echo, nuclear",,Ims Cardiology-Phoenix Baptist Phoenix,,,"Jun 30, 2025",Adult Transthoracic,,,"Jun 30, 2025","Equilibrium Radionuclide Angiography, Myocardial Perfusion Imaging",,,,,,,,,,,,,,,,
141,142,Ims Cardiology-Quartzsite,33.671819,-114.217106,granted,255 N. Central Blvd,Suite 10,Quartzsite,AZ,85346,USA,,www.sonoranheart.com,,nuclear,,Ims Cardiology-Quartzsite Quartzsite,,,,,,,"Jun 30, 2025",Myocardial Perfusion Imaging,,,,,,,,,,,,,,,,
142,143,"Lakeside Orthopedic Inst, LLC",34.478633,-114.335168,granted,25 Riviera Blvd,,Lake Havasu City,AZ,86403,USA,,www.lakesideoi.com,,mr,,"Lakeside Orthopedic Inst, LLC Lake Havasu City",,,,,"Jul 31, 2024","Musculoskeletal MRI, Neurological MRI",,,,,,,,,,,,,,,,,,
143,144,Las Sendas Cardiology,33.4793,-111.683991,granted,3514 North Power Road,Suite 107,Mesa,AZ,85215,USA,,,,nuclear,www.google.com/search?q=Las+Sendas+Cardiology,Las Sendas Cardiology Mesa,,,,,,,"Aug 31, 2023",Myocardial Perfusion Imaging,,,,,,,,,,,,,,,,
144,145,Marshall Cardiology,32.257905,-110.882525,granted,5170 E. Glenn St.,#160,Tucson,AZ,85712,USA,,,,echo,www.google.com/search?q=Marshall+Cardiology,Marshall Cardiology Tucson,,,"Sep 30, 2023","Adult Stress, Adult Transthoracic",,,,,,,,,,,,,,,,,,,,
145,146,Marshall Cardiology,32.257905,-110.882525,granted,"5170 Glenn Street, Suite 160",,Tuscon,AZ,85712,USA,,,,nuclear,www.google.com/search?q=Marshall+Cardiology,Marshall Cardiology Tuscon,,,,,,,"Jun 30, 2023",Myocardial Perfusion Imaging,,,,,,,,,,,,,,,,
146,147,"Marvin R. Goldstein, MD, Ltd",33.486876,-111.923877,granted,7331 East Osborn Drive,Suite 440,Scottsdale,AZ,85251,USA,,,,echo,"www.google.com/search?q=Marvin+R.+Goldstein,+MD,+Ltd","Marvin R. Goldstein, MD, Ltd Scottsdale",,,"Oct 31, 2022",Adult Transthoracic,,,,,,,,,,,,,,,,,,,,
147,148,Mayo Clinic Arizona,33.582482,-111.792312,granted,13400 East Shea Boulevard,Concourse,Scottsdale,AZ,85259,USA,,,,echo,www.google.com/search?q=Mayo+Clinic+Arizona,Mayo Clinic Arizona Scottsdale,,,"Jul 31, 2025","Adult Stress, Adult Transthoracic",,,,,,,,,,,,,,,,,,,,
148,149,Mayo Clinic Arizona,33.582482,-111.792312,granted,13400 East Shea Blvd,,Scottsdale,AZ,85259,USA,,www.mayoclinic.org,,vascular,,Mayo Clinic Arizona Scottsdale,,,,,,,,,"Mar 31, 2023",Extracranial Cerebrovascular Testing,,,,,,,,,,,,,,
149,150,Mayo Clinic Hospital,33.663306,-111.955634,granted,5777 East Mayo Boulevard,1-West,Phoenix,AZ,85254,USA,,,,echo,www.google.com/search?q=Mayo+Clinic+Hospital,Mayo Clinic Hospital Phoenix,,,"Jul 31, 2025","Adult Stress, Adult Transesophageal, Adult Transthoracic",,,,,,,,,,,,,,,,,,,,
150,151,Mayo Clinic Hospital and Specialty Building,33.663306,-111.955634,granted,5777 East Mayo Blvd.,,Phoenix,AZ,85054,USA,,www.mayoclinic.org,,vascular,,Mayo Clinic Hospital and Specialty Building Phoenix,,,,,,,,,"Mar 31, 2023",Extracranial Cerebrovascular Testing,,,,,,,,,,,,,,
151,152,Mercy Gilbert Medical Center,33.286661,-111.755311,granted,3555 South Val Vista Drive,,Gilbert,AZ,85296,USA,,www.mercygilbert.org,,echo,,Mercy Gilbert Medical Center Gilbert,,,"Dec 31, 2024",Adult Transthoracic,,,,,,,,,,,,,,,,,,,,
152,153,NAHMG Flagstaff Cardiology,35.184328,-111.674548,granted,2000 S Thompson St,,Flagstaff,AZ,86001,USA,,www.nahealth.com,,nuclear,,NAHMG Flagstaff Cardiology Flagstaff,,,,,,,"Nov 30, 2023",Myocardial Perfusion Imaging,,,,,,,,,,,,,,,,
153,154,Neurology Associates Neuroscience Center,33.475673,-111.718566,granted,3308 N. Higley Road,Ste. 103,Mesa,AZ,85215,USA,,www.neurologyassociates.com,,mr,,Neurology Associates Neuroscience Center Mesa,,,,,"Aug 31, 2025","Musculoskeletal MRI, Neurological MRI, MRA",,,,,,,,,,,,,,,,,,
154,155,Neurology Associates Neuroscience Center,33.29504,-111.879103,granted,2201 W. Fairview Street,Ste. 1,Chandler,AZ,85224,USA,,neurologyassociates.com/clinic-locations/chandler-az-clinic/,,mr,,Neurology Associates Neuroscience Center Chandler,,,,,"Aug 31, 2025","Musculoskeletal MRI, Neurological MRI, MRA",,,,,,,,,,,,,,,,,,
155,156,North Valley ENT,33.640593,-112.000069,granted,3805 East Bell RD,Suite 5800,Phoenix,AZ,85032,USA,,www.northvalleyent.com,,ct,,North Valley ENT Phoenix,"Jul 31, 2024",Maxillofacial CT,,,,,,,,,,,,,,,,,,,,,,
156,157,North Valley Vein Specialist,33.654047,-112.197708,multigranted,6320 West Union Hills Bldg A Suite 140,,Glendale,AZ,85308,USA,,northvalleyvein.com,,"vascular, vein_center",,North Valley Vein Specialist Glendale,,,,,,,,,"Dec 30, 2022",Peripheral Venous Testing,,,,,,,"Jan 31, 2025",Superficial Venous Evaluation and Management,,,,,,
157,158,Northwest Medical Center,32.319581,-111.012054,granted,6200 N La Cholla Blvd,,Tucson,AZ,85741,USA,,www.northwestmedicalcenter.com,,vascular,,Northwest Medical Center Tucson,,,,,,,,,"Feb 28, 2023","Extracranial Cerebrovascular Testing, Peripheral Arterial Testing, Peripheral Venous Testing",,,,,,,,,,,,,,
158,159,Northwest Medical Center,32.319581,-111.012054,granted,6200 North La Cholla Boulevard,,Tucson,AZ,85741,USA,,,,echo,www.google.com/search?q=Northwest+Medical+Center,Northwest Medical Center Tucson,,,"Jan 31, 2024","Adult Stress, Adult Transthoracic",,,,,,,,,,,,,,,,,,,,
159,160,"Old Pueblo Cardiology, PC",32.265124,-110.908585,granted,3955 E. Ft. Lowell Road,,Tuscon,AZ,85712,USA,,,,nuclear,"www.google.com/search?q=Old+Pueblo+Cardiology,+PC","Old Pueblo Cardiology, PC Tuscon",,,,,,,"Jun 30, 2023",Myocardial Perfusion Imaging,,,,,,,,,,,,,,,,
160,161,"Old Pueblo Cardiology, PC",32.265124,-110.908585,multigranted,3955 E Fort Lowell,Suite 113,Tucson,AZ,85712,USA,,,,"echo, vascular","www.google.com/search?q=Old+Pueblo+Cardiology,+PC","Old Pueblo Cardiology, PC Tucson",,,"Oct 31, 2023","Adult Stress, Adult Transthoracic",,,,,"Feb 28, 2025","Extracranial Cerebrovascular Testing, Peripheral Arterial Testing",,,,,,,,,,,,,,
161,162,Pediatric Cardiac Care of Arizona,33.350881,-111.911195,granted,7505 S McClintock Dr,#103,Tempe,AZ,85283,USA,,www.heartcarekids.com,,pediatric_echo,,Pediatric Cardiac Care of Arizona Tempe,,,,,,,,,,,"Feb 28, 2025",Pediatric Transthoracic,,,,,,,,,,,,
162,163,"Phoenix Area Cardiology and Electrophysiology, LLC",33.397291,-110.787828,granted,285 N. Broad St,,Globe,AZ,85501,USA,,,,nuclear,"www.google.com/search?q=Phoenix+Area+Cardiology+and+Electrophysiology,+LLC","Phoenix Area Cardiology and Electrophysiology, LLC Globe",,,,,,,"Jun 30, 2023",Myocardial Perfusion Imaging,,,,,,,,,,,,,,,,
163,164,"Phoenix Area Cardiology and Electrophysiology, LLC",33.532195,-112.134265,granted,6502 N. 35th Ave,Suite #3,Phoenix,AZ,85019,,,,,nuclear,"www.google.com/search?q=Phoenix+Area+Cardiology+and+Electrophysiology,+LLC","Phoenix Area Cardiology and Electrophysiology, LLC Phoenix",,,,,,,"Jun 30, 2023",Myocardial Perfusion Imaging,,,,,,,,,,,,,,,,
164,165,"Phoenix Children’s Cardiology Clinic, Scottsdale",33.58054,-111.88219,granted,"10250 North 92nd Street, Suite 212",,Scottsdale,AZ,85258,USA,,,,pediatric_echo,"www.google.com/search?q=Phoenix+Children’s+Cardiology+Clinic,+Scottsdale","Phoenix Children’s Cardiology Clinic, Scottsdale Scottsdale",,,,,,,,,,,"Feb 29, 2024","Pediatric Transthoracic, Fetal",,,,,,,,,,,,
165,166,Phoenix Children’s Hospital,33.480216,-112.041193,granted,1919 East Thomas Road,,Phoenix,AZ,85016,USA,,,,pediatric_echo,www.google.com/search?q=Phoenix+Children’s+Hospital,Phoenix Children’s Hospital Phoenix,,,,,,,,,,,"Feb 29, 2024","Pediatric Transesophageal, Pediatric Transthoracic, Fetal",,,,,,,,,,,,
166,167,"Phoenix Children’s Speciality Clinic,  Mercy Gilbert Medical Center",33.289685,-111.748566,granted,"3370 Mercy Road, Suite 221",,Gilbert,AZ,85297,USA,,,,pediatric_echo,"www.google.com/search?q=Phoenix+Children’s+Speciality+Clinic,++Mercy+Gilbert+Medical+Center","Phoenix Children’s Speciality Clinic,  Mercy Gilbert Medical Center Gilbert",,,,,,,,,,,"Feb 29, 2024","Pediatric Transthoracic, Fetal",,,,,,,,,,,,
167,168,"Phoenix Children’s Specialty Care,  Arrowhead",33.651015,-112.229795,granted,18555 N. 79th Avenue,Suite E-105,Glendale,AZ,85308,USA,,,,pediatric_echo,"www.google.com/search?q=Phoenix+Children’s+Specialty+Care,++Arrowhead","Phoenix Children’s Specialty Care,  Arrowhead Glendale",,,,,,,,,,,"Feb 29, 2024","Pediatric Transthoracic, Fetal",,,,,,,,,,,,
168,169,"Phoenix Children’s Specialty Care, Gilbert",33.376636,-111.788593,granted,3370 S. Mercy Rd.,Suite 221,Gilbert,AZ,85297,USA,,,,pediatric_echo,"www.google.com/search?q=Phoenix+Children’s+Specialty+Care,+Gilbert","Phoenix Children’s Specialty Care, Gilbert Gilbert",,,,,,,,,,,"Feb 29, 2024","Pediatric Transthoracic, Fetal",,,,,,,,,,,,
169,170,Phoenix Children’s Specialty Care-Souhwest Valley,33.610692,-112.182816,granted,1665 N. Avondale Blvd,,Avondale,AZ,85392,USA,,,,pediatric_echo,www.google.com/search?q=Phoenix+Children’s+Specialty+Care-Souhwest+Valley,Phoenix Children’s Specialty Care-Souhwest Valley Avondale,,,,,,,,,,,"Feb 29, 2024","Pediatric Transthoracic, Fetal",,,,,,,,,,,,
170,171,Phoenix Children’s Specialty Care-Tucson,32.250732,-110.864541,granted,"5983 E. Grant Road, Suite 201",,Tucson,AZ,85712,USA,,,,pediatric_echo,www.google.com/search?q=Phoenix+Children’s+Specialty+Care-Tucson,Phoenix Children’s Specialty Care-Tucson Tucson,,,,,,,,,,,"Feb 29, 2024","Pediatric Transthoracic, Fetal",,,,,,,,,,,,
171,172,Phoenix Heart Center,33.463409,-112.065032,granted,1331 N 7th St. Suite 190,,Phoenix,AZ,85006,USA,,,,echo,www.google.com/search?q=Phoenix+Heart+Center,Phoenix Heart Center Phoenix,,,"Jan 31, 2024",Adult Transthoracic,,,,,,,,,,,,,,,,,,,,
172,173,"Phoenix Heart, PLLC",33.447922,-112.358253,granted,140 N Litchfield Rd Suite 100,,Goodyear,AZ,85338,USA,,www.phoenixheart.com,,echo,,"Phoenix Heart, PLLC Goodyear",,,"Dec 31, 2023",Adult Transthoracic,,,,,,,,,,,,,,,,,,,,
173,174,"Phoenix Heart, PLLC",33.635515,-112.184813,multigranted,5859 West Talavi Boulevard,Suite 100,Glendale,AZ,85306,USA,,www.phoenixheart.com,,"nuclear, echo",,"Phoenix Heart, PLLC Glendale",,,"Dec 31, 2023",Adult Transthoracic,,,"Dec 31, 2022","Equilibrium Radionuclide Angiography, Myocardial Perfusion Imaging",,,,,,,,,,,,,,,,
174,175,"Phoenix Neurological Institute, Inc. dba Phoenician Cardiology",33.325552,-111.859059,granted,604 W. Warner Rd,"Bldg E, Suite #201",Chandler,AZ,85225,USA,,,,nuclear,"www.google.com/search?q=Phoenix+Neurological+Institute,+Inc.+dba+Phoenician+Cardiology","Phoenix Neurological Institute, Inc. dba Phoenician Cardiology Chandler",,,,,,,"Jun 30, 2023",Myocardial Perfusion Imaging,,,,,,,,,,,,,,,,
175,176,Pima Heart and Vascular,32.2339,-110.936494,granted,2404 E River Rd Bldg 2 Ste 100,,Tucson,AZ,85718,USA,,,,ct,www.google.com/search?q=Pima+Heart+and+Vascular,Pima Heart and Vascular Tucson,"Feb 28, 2025","Body CT, Coronary CTA, Neurological CT, Vascular CTA, Coronary Calcium Scoring",,,,,,,,,,,,,,,,,,,,,,
176,177,Pima Heart and Vascular,32.286134,-110.935642,granted,2404 E. River Rd.,,Tucson,AZ,85718,USA,,www.pimaheart.com,,nuclear,,Pima Heart and Vascular Tucson,,,,,,,"Aug 31, 2023","Equilibrium Radionuclide Angiography, Myocardial Perfusion Imaging, Other Cardiovascular Imaging, Positron Emission Tomography (PET)",,,,,,,,,,,,,,,,
177,178,Pima Heart Douglas,31.345868,-109.552923,granted,100 E. Fifth Street,,Douglas,AZ,85607,USA,,,,nuclear,www.google.com/search?q=Pima+Heart+Douglas,Pima Heart Douglas Douglas,,,,,,,"Jun 30, 2023",Myocardial Perfusion Imaging,,,,,,,,,,,,,,,,
178,179,Pima Heart Green Valley,31.88615,-110.994985,granted,4475 S. I-19 Frontage Rd,Suite #125,Green Valley,AZ,85614,USA,,,,nuclear,www.google.com/search?q=Pima+Heart+Green+Valley,Pima Heart Green Valley Green Valley,,,,,,,"Jun 30, 2023",Myocardial Perfusion Imaging,,,,,,,,,,,,,,,,
179,180,Pima Heart Nogales,31.340948,-110.933987,granted,480 N. Morley Avenue,,Nogales,AZ,85621,,,,,nuclear,www.google.com/search?q=Pima+Heart+Nogales,Pima Heart Nogales Nogales,,,,,,,"Jun 30, 2023",Myocardial Perfusion Imaging,,,,,,,,,,,,,,,,
180,181,Pima Heart Safford,32.834911,-109.725921,granted,1491 W. Thatcher Blvd. Suite 102,,Safford,AZ,85546,USA,,,,nuclear,www.google.com/search?q=Pima+Heart+Safford,Pima Heart Safford Safford,,,,,,,"Jun 30, 2023",Myocardial Perfusion Imaging,,,,,,,,,,,,,,,,
181,182,Pima Pain Center,32.229319,-110.992922,granted,1310 W St. Mary’s Rd,,Tucson,AZ,85745,USA,,www.pimapaincenter.com,,mr,,Pima Pain Center Tucson,,,,,"May 31, 2024",Neurological MRI,,,,,,,,,,,,,,,,,,
182,183,"Pioneer Cardiovascular Consultants, P.C.",33.378349,-111.894589,granted,2149 E. Baseline Road,Suite 103,Tempe,AZ,85283,USA,,www.pioneercardiovascular.com,,nuclear,,"Pioneer Cardiovascular Consultants, P.C. Tempe",,,,,,,"Dec 31, 2023",Myocardial Perfusion Imaging,,,,,,,,,,,,,,,,
183,184,"Pioneer Cardiovascular Consultants, PC",33.378349,-111.894589,granted,2149 East Baseline Road,# 103,Tempe,AZ,85283,USA,,,,echo,"www.google.com/search?q=Pioneer+Cardiovascular+Consultants,+PC","Pioneer Cardiovascular Consultants, PC Tempe",,,"Jan 31, 2024",Adult Transthoracic,,,,,,,,,,,,,,,,,,,,
184,185,Premier Cardiovascular Center,33.302385,-111.876188,multigranted,77 S Dobson Road,,Chandler,AZ,85224,USA,,,,"nuclear, vascular",www.google.com/search?q=Premier+Cardiovascular+Center,Premier Cardiovascular Center Chandler,,,,,,,"Nov 30, 2023",Myocardial Perfusion Imaging,"Feb 29, 2024","Extracranial Cerebrovascular Testing, Peripheral Arterial Testing, Visceral Vascular Testing",,,,,,,,,,,,,,
185,186,Premier Cardiovascular Center,32.880099,-111.707766,multigranted,803 N Salk Dr.,,Casa Grande,AZ,85122,USA,,,,"nuclear, vascular",www.google.com/search?q=Premier+Cardiovascular+Center,Premier Cardiovascular Center Casa Grande,,,,,,,"Nov 30, 2023",Myocardial Perfusion Imaging,"Feb 29, 2024","Extracranial Cerebrovascular Testing, Peripheral Arterial Testing, Visceral Vascular Testing",,,,,,,,,,,,,,
186,187,Premier Cardiovascular Center,33.302385,-111.876188,granted,77 S Dobson Road,,Chandler,AZ,85224,USA,,,,echo,www.google.com/search?q=Premier+Cardiovascular+Center,Premier Cardiovascular Center Chandler,,,"Oct 31, 2023",Adult Transthoracic,,,,,,,,,,,,,,,,,,,,
187,188,Premier Cardiovascular Center - Casa Grande,32.880099,-111.707766,granted,803 N Salk Dr.,,Casa Grande,AZ,85122,USA,,,,echo,www.google.com/search?q=Premier+Cardiovascular+Center+-+Casa+Grande,Premier Cardiovascular Center - Casa Grande Casa Grande,,,"Oct 31, 2023",Adult Transthoracic,,,,,,,,,,,,,,,,,,,,
188,189,Prescott Cardiac Diagnostics,34.553958,-112.486683,granted,726 Gail Gardner way,Suite A,Prescott,AZ,86305,USA,,,,echo,www.google.com/search?q=Prescott+Cardiac+Diagnostics,Prescott Cardiac Diagnostics Prescott,,,"Jun 30, 2024",Adult Transthoracic,,,,,,,,,,,,,,,,,,,,
189,190,Prescott Ear Nose Throat and Allergy PLLC,34.559919,-112.484668,granted,1125 Iron Springs Rd,,Prescott,AZ,86305,USA,,,,ct,www.google.com/search?q=Prescott+Ear+Nose+Throat+and+Allergy+PLLC,Prescott Ear Nose Throat and Allergy PLLC Prescott,"May 31, 2024",Maxillofacial CT,,,,,,,,,,,,,,,,,,,,,,
190,191,Prescott Valley Cardiac Diagnostics,34.588152,-112.330284,granted,7700 E Florentine Rd,Building B,Prescott Valley,AZ,86314,USA,,,,echo,www.google.com/search?q=Prescott+Valley+Cardiac+Diagnostics,Prescott Valley Cardiac Diagnostics Prescott Valley,,,"Jun 30, 2024",Adult Transthoracic,,,,,,,,,,,,,,,,,,,,
191,192,Red Sea Heart Center,32.673077,-114.627048,granted,610 West Catalina Drive,,Yuma,AZ,85364,USA,,,,nuclear,www.google.com/search?q=Red+Sea+Heart+Center,Red Sea Heart Center Yuma,,,,,,,"Feb 28, 2023",Myocardial Perfusion Imaging,,,,,,,,,,,,,,,,
192,193,San Tan Cardiovascular Center,33.341247,-111.686096,granted,6859 East Rembrandt Ave ste 117,,Mesa,AZ,85212,USA,,,,nuclear,www.google.com/search?q=San+Tan+Cardiovascular+Center,San Tan Cardiovascular Center Mesa,,,,,,,"May 31, 2023","Equilibrium Radionuclide Angiography, Myocardial Perfusion Imaging",,,,,,,,,,,,,,,,
193,194,"Santiago C. Ramirez, MD, PLLC",32.249113,-110.88069,granted,3925 E. Fort Lowell,Suite 105,Tucson,AZ,85712,USA,,,,echo,"www.google.com/search?q=Santiago+C.+Ramirez,+MD,+PLLC","Santiago C. Ramirez, MD, PLLC Tucson",,,"Dec 31, 2023","Adult Stress, Adult Transthoracic",,,,,,,,,,,,,,,,,,,,
194,195,"Scottsdale Cardiovascular Center, PC",33.483511,-111.921837,granted,3099 Civic Center Plaza,,Scottsdale,AZ,85251,USA,,,,echo,"www.google.com/search?q=Scottsdale+Cardiovascular+Center,+PC","Scottsdale Cardiovascular Center, PC Scottsdale",,,"Dec 31, 2023",Adult Transthoracic,,,,,,,,,,,,,,,,,,,,
195,196,SimonMed Imaging- Central Phoenix,33.47773,-112.069438,granted,2620 N 3rd St,Suite 102,Phoenix,AZ,85004,USA,,,,echo,www.google.com/search?q=SimonMed+Imaging-+Central+Phoenix,SimonMed Imaging- Central Phoenix Phoenix,,,"Jul 31, 2024",Adult Transthoracic,,,,,,,,,,,,,,,,,,,,
196,197,SimonMed Imaging- Thunderbird,33.610726,-112.175831,granted,5410 W. Thunderbird Road,Suite 100,Glendale,AZ,85306,USA,,,,echo,www.google.com/search?q=SimonMed+Imaging-+Thunderbird,SimonMed Imaging- Thunderbird Glendale,,,"Jul 31, 2024",Adult Transthoracic,,,,,,,,,,,,,,,,,,,,
197,198,Sinus and Allergy Wellness Center of North Scottsdale,33.64585,-111.894809,granted,8573 E. Princess Dr.,Ste. B111,Scottsdale,AZ,85255,USA,,www.sinusandallergywellnesscenter.com/,,ct,,Sinus and Allergy Wellness Center of North Scottsdale Scottsdale,"Sep 30, 2024",Maxillofacial CT,,,,,,,,,,,,,,,,,,,,,,
198,199,Sonoran Spine Center PC,33.430718,-111.956379,granted,1255 W Rio Salado Parkway  Ste 107,,Tempe,AZ,85281,USA,,,,mr,www.google.com/search?q=Sonoran+Spine+Center+PC,Sonoran Spine Center PC Tempe,,,,,"Nov 30, 2023",Musculoskeletal MRI,,,,,,,,,,,,,,,,,,
199,200,"Sonoran, Ear, Nose Throat, Audiology",32.444457,-110.935987,granted,2506 E Vistoso Commerce Loop,,Oro Valley,AZ,85755,USA,,www.sonoranent.com,,ct,,"Sonoran, Ear, Nose Throat, Audiology Oro Valley","Jun 30, 2024",Maxillofacial CT,,,,,,,,,,,,,,,,,,,,,,
200,201,Southern Arizona Heart and Vascular,32.249113,-110.88069,granted,3925 E. Ft. Lowell,Suite 105,Tucson,AZ,85712,USA,,,,nuclear,www.google.com/search?q=Southern+Arizona+Heart+and+Vascular,Southern Arizona Heart and Vascular Tucson,,,,,,,"Jun 30, 2023",Myocardial Perfusion Imaging,,,,,,,,,,,,,,,,
201,202,Southern Arizona Heart and Vascular,31.341991,-110.949815,granted,507 North Western Ave,,Nogales,AZ,85621,USA,,,,nuclear,www.google.com/search?q=Southern+Arizona+Heart+and+Vascular,Southern Arizona Heart and Vascular Nogales,,,,,,,"Jun 30, 2023",Myocardial Perfusion Imaging,,,,,,,,,,,,,,,,
202,203,Southwest Advanced Vascular Surgery and Integrated Wound Care,32.229866,-110.909512,granted,3900 E Broadway Blvd,,Tucson,AZ,85711,USA,,,,vascular,www.google.com/search?q=Southwest+Advanced+Vascular+Surgery+and+Integrated+Wound+Care,Southwest Advanced Vascular Surgery and Integrated Wound Care Tucson,,,,,,,,,"Apr 30, 2025","Extracranial Cerebrovascular Testing, Peripheral Arterial Testing, Peripheral Venous Testing, Visceral Vascular Testing",,,,,,,,,,,,,,
203,204,"Southwest Desert Cardiology, P.C.",33.672008,-112.117406,granted,"20414 N 27th Ave, Ste 300",,Phoenix,AZ,85027,USA,,www.southwestdesertcardiology.com,,nuclear,,"Southwest Desert Cardiology, P.C. Phoenix",,,,,,,"Mar 31, 2024",Myocardial Perfusion Imaging,,,,,,,,,,,,,,,,
204,205,"Southwest Ear, Nose and Throat",34.476847,-114.339955,granted,1760 McCulloch Blvd. N.,Ste A-102,Lake Havasu City,AZ,86403,USA,,,,ct,"www.google.com/search?q=Southwest+Ear,+Nose+and+Throat","Southwest Ear, Nose and Throat Lake Havasu City","Nov 30, 2023",Maxillofacial CT,,,,,,,,,,,,,,,,,,,,,,
205,206,"Southwest Heart and Vascular Care, Ltd.",32.678642,-114.650319,multigranted,"2692 S. Ave. B, Suite 1",,Yuma,AZ,85364,USA,,,,"echo, nuclear","www.google.com/search?q=Southwest+Heart+and+Vascular+Care,+Ltd.","Southwest Heart and Vascular Care, Ltd. Yuma",,,"Apr 30, 2025",Adult Transthoracic,,,"May 31, 2025",Myocardial Perfusion Imaging,,,,,,,,,,,,,,,,
206,207,St Josephs Hospital at Westgate,33.541867,-112.272484,granted,7300 N. 99th Avenue,,Glandale,AZ,85307,USA,,www.dignityhealth.org/westgate/,,echo,,St Josephs Hospital at Westgate Glandale,,,"Nov 30, 2023",Adult Transthoracic,,,,,,,,,,,,,,,,,,,,
207,208,St. Joseph’s Hospital and Medical Center,33.480294,-112.079208,granted,350 West Thomas Road,,Phoenix,AZ,85013,USA,,www.stjosephs-phx.org,,echo,,St. Joseph’s Hospital and Medical Center Phoenix,,,"Nov 30, 2023",Adult Transthoracic,,,,,,,,,,,,,,,,,,,,
208,209,"Sugata Das, MD, PC dba Yuma Heart and Vascular Center",32.68389,-114.64437,granted,"1965 West 24th Street, Suite B",,Yuma,AZ,85364,USA,,,,nuclear,"www.google.com/search?q=Sugata+Das,+MD,+PC+dba+Yuma+Heart+and+Vascular+Center","Sugata Das, MD, PC dba Yuma Heart and Vascular Center Yuma",,,,,,,"Jan 31, 2024",Myocardial Perfusion Imaging,,,,,,,,,,,,,,,,
209,210,"Summit Healthcare Heart, Lung and Vascular",34.200619,-110.021163,granted,4951 S. White Mountain Rd. Bldg. A,,Show Low,AZ,85901,USA,,,,echo,"www.google.com/search?q=Summit+Healthcare+Heart,+Lung+and+Vascular","Summit Healthcare Heart, Lung and Vascular Show Low",,,"Feb 28, 2025",Adult Transthoracic,,,,,,,,,,,,,,,,,,,,
210,211,Sun Radiology Glendale 16222,33.633191,-112.185751,multigranted,16222 North 59th Avenue,Suite C-150,Glendale,AZ,85306,USA,,,,"mr, ct",www.google.com/search?q=Sun+Radiology+Glendale+16222,Sun Radiology Glendale 16222 Glendale,"Nov 30, 2024","Body CT, Coronary CTA, Neurological CT, Vascular CTA, Coronary Calcium Scoring, Maxillofacial CT",,,"Oct 31, 2023","Body MRI, Musculoskeletal MRI, Neurological MRI, Breast MRI, MRA",,,,,,,,,,,,,,,,,,
211,212,Sun Radiology HITACHI OPEN,33.638301,-112.212654,granted,7200 West Bell Road,Bldg B,Glendale,AZ,85308,USA,,,,mr,www.google.com/search?q=Sun+Radiology+HITACHI+OPEN,Sun Radiology HITACHI OPEN Glendale,,,,,"Oct 31, 2023","Body MRI, Musculoskeletal MRI, Neurological MRI, MRA",,,,,,,,,,,,,,,,,,
212,213,Sun Valley Arthritis Center Ltd,33.610555,-112.205663,granted,6818 West Thunderbird Road,,Peoria,AZ,85381,USA,,,,mr,www.google.com/search?q=Sun+Valley+Arthritis+Center+Ltd,Sun Valley Arthritis Center Ltd Peoria,,,,,"Aug 31, 2025",Musculoskeletal MRI,,,,,,,,,,,,,,,,,,
213,214,Synergy Oasis,33.638576,-112.380647,granted,14877 W Bell Rd. 101,,Suprise,AZ,85374,USA,,,,ct,www.google.com/search?q=Synergy+Oasis,Synergy Oasis Suprise,"Feb 28, 2023",Maxillofacial CT,,,,,,,,,,,,,,,,,,,,,,
214,215,"Texas Cardiology and Wellness Center, PLLC dba Cardiovascular and Heart Failure Center",33.465729,-112.061226,granted,926 E. McDowell Rd,Suite #203,Phoenix,AZ,85006,USA,,,,nuclear,"www.google.com/search?q=Texas+Cardiology+and+Wellness+Center,+PLLC+dba+Cardiovascular+and+Heart+Failure+Center","Texas Cardiology and Wellness Center, PLLC dba Cardiovascular and Heart Failure Center Phoenix",,,,,,,"Jun 30, 2023",Myocardial Perfusion Imaging,,,,,,,,,,,,,,,,
215,216,TOCA at Banner,33.506631,-112.032349,granted,2222 E. Highland Avenue,Suite 106,Phoenix,AZ,85016,USA,,www.tocamd.com/,,mr,,TOCA at Banner Phoenix,,,,,"Jan 31, 2024",Musculoskeletal MRI,,,,,,,,,,,,,,,,,,
216,217,TOCA at Banner,33.380344,-111.939392,granted,5002 South Mill Avenue,,Tempe,AZ,85282,USA,,tocamd.com,,mr,,TOCA at Banner Tempe,,,,,"Jan 31, 2024",Musculoskeletal MRI,,,,,,,,,,,,,,,,,,
217,218,Tri-City Cardiology Consultants,33.28627,-111.755518,granted,3530 S Val Vista Dr Suite 103,,Gilbert,AZ,85297,USA,,tricitycardiology.com,,vascular,,Tri-City Cardiology Consultants Gilbert,,,,,,,,,"Jan 31, 2023",Extracranial Cerebrovascular Testing,,,,,,,,,,,,,,
218,219,Tri-City Cardiology Consultants,33.384374,-111.692253,granted,6402 E Superstition Springs Blvd,Suite 114,Mesa,AZ,85206,USA,,tricitycardiology.com,,vascular,,Tri-City Cardiology Consultants Mesa,,,,,,,,,"Jan 31, 2023",Extracranial Cerebrovascular Testing,,,,,,,,,,,,,,
219,220,Tri-City Cardiology Consultants,33.387629,-111.874642,granted,1580 N. Fiesta Blvd. Suite 100,,Gilbert,AZ,85233,USA,,tricitycardiology.com,,vascular,,Tri-City Cardiology Consultants Gilbert,,,,,,,,,"Jan 31, 2023",Extracranial Cerebrovascular Testing,,,,,,,,,,,,,,
220,221,Tri-City Cardiology Consultants,33.410429,-111.686221,granted,6750 E. Baywood Suite 301,,Mesa,AZ,85206,USA,,tricitycardiology.com,,vascular,,Tri-City Cardiology Consultants Mesa,,,,,,,,,"Jan 31, 2023",Extracranial Cerebrovascular Testing,,,,,,,,,,,,,,
221,222,"Tri-City Cardiology Consultants, PC",33.411068,-111.634957,granted,6750 Baywood,Suite 301,Mesa,AZ,85206,USA,,,,nuclear,"www.google.com/search?q=Tri-City+Cardiology+Consultants,+PC","Tri-City Cardiology Consultants, PC Mesa",,,,,,,"Dec 30, 2022","Equilibrium Radionuclide Angiography, Myocardial Perfusion Imaging, Positron Emission Tomography (PET)",,,,,,,,,,,,,,,,
222,223,"Tri-City Cardiology Consultants, PC",33.387629,-111.874642,granted,1580 N Fiesta Blvd,Suite 100,Gilbert,AZ,85233,USA,,,,nuclear,"www.google.com/search?q=Tri-City+Cardiology+Consultants,+PC","Tri-City Cardiology Consultants, PC Gilbert",,,,,,,"Dec 30, 2022","Equilibrium Radionuclide Angiography, Myocardial Perfusion Imaging",,,,,,,,,,,,,,,,
223,224,"Tri-City Cardiology Consultants, PC",33.410429,-111.686221,granted,6750 East Baywood Avenue,Suite 301,Mesa,AZ,85206,USA,,www.tricitycardiology.com,,echo,,"Tri-City Cardiology Consultants, PC Mesa",,,"Sep 30, 2023",Adult Transthoracic,,,,,,,,,,,,,,,,,,,,
224,225,"Tri-City Cardiology Consultants, PC",33.387712,-111.874585,granted,1580 N. Fiesta Blvd.,Suite 100,Gilbert,AZ,85233,USA,,www.tricitycardiology.com,,echo,,"Tri-City Cardiology Consultants, PC Gilbert",,,"Sep 30, 2023",Adult Transthoracic,,,,,,,,,,,,,,,,,,,,
225,226,"Tri-City Cardiology Consultants, PC",33.28627,-111.755518,granted,3530 S. Val Vista Drive,Suite 103,Gilbert,AZ,85297,USA,,tricitycardiology.com,,echo,,"Tri-City Cardiology Consultants, PC Gilbert",,,"Sep 30, 2023",Adult Transthoracic,,,,,,,,,,,,,,,,,,,,
226,227,"Tri-City Cardiology Consultants, PC",33.384374,-111.692253,granted,6402 E Superstition Springs Blvd,Suite 114,Mesa,AZ,85206,USA,,tricitycardiology.com,,echo,,"Tri-City Cardiology Consultants, PC Mesa",,,"Sep 30, 2023",Adult Transthoracic,,,,,,,,,,,,,,,,,,,,
227,228,"Tri-City Cardiology Consultants, PC",33.384374,-111.692253,granted,6402 E Superstition Springs Blvd,Suite 114,Mesa,AZ,85206,USA,,tricitycardiology.com,,vascular,,"Tri-City Cardiology Consultants, PC Mesa",,,,,,,,,"Jan 31, 2025",Peripheral Venous Testing,,,,,,,,,,,,,,
228,229,"Tri-City Cardiology Consultants, PC",33.211329,-111.56427,granted,36543 N Gantzel Rd,Suite 101,San Tan Valley,AZ,85140,USA,,tricitycardiology.com,,echo,,"Tri-City Cardiology Consultants, PC San Tan Valley",,,"Sep 30, 2023",Adult Transthoracic,,,,,,,,,,,,,,,,,,,,
229,230,Trinity ENT and Facial Aesthetics,33.285988,-111.749936,granted,3485 S Mercy Rd,Ste 104,Gilbert,AZ,85297,USA,,teafa.com,,ct,,Trinity ENT and Facial Aesthetics Gilbert,"Sep 30, 2023",Maxillofacial CT,,,,,,,,,,,,,,,,,,,,,,
230,231,Tuba City Regional Health Care Corporation,35.998009,-111.446591,granted,167 North Main,,Tuba City,AZ,86045,USA,,,,nuclear,www.google.com/search?q=Tuba+City+Regional+Health+Care+Corporation,Tuba City Regional Health Care Corporation Tuba City,,,,,,,"Jun 30, 2023",Myocardial Perfusion Imaging,,,,,,,,,,,,,,,,
231,232,"Tucson ENT Associates, PC",32.225687,-110.85304,granted,2121 N Craycroft Rd Building 5,,Tucson,AZ,85712,USA,,,,ct,"www.google.com/search?q=Tucson+ENT+Associates,+PC","Tucson ENT Associates, PC Tucson","Sep 30, 2024",Maxillofacial CT,,,,,,,,,,,,,,,,,,,,,,
232,233,"Tucson ENT Associates, PC",32.323185,-110.993854,granted,1358 W Orange Grove Dr,,Tucson,AZ,85704,USA,,tucsonent.com,,ct,,"Tucson ENT Associates, PC Tucson","Sep 30, 2024",Maxillofacial CT,,,,,,,,,,,,,,,,,,,,,,
233,234,Tucson Heart Group,32.250015,-110.877352,granted,5140 E. Glenn St.,,Tucson,AZ,85712,USA,,,,echo,www.google.com/search?q=Tucson+Heart+Group,Tucson Heart Group Tucson,,,"Feb 29, 2024",Adult Transthoracic,,,,,,,,,,,,,,,,,,,,
234,235,Tucson Medical Center,32.25075,-110.880223,granted,5301 East Grant Road,,Tucson,AZ,85712,USA,,,,echo,www.google.com/search?q=Tucson+Medical+Center,Tucson Medical Center Tucson,,,"Apr 30, 2025",Adult Transthoracic,,,,,,,,,,,,,,,,,,,,
235,236,United Vein Centers,33.294521,-111.876178,granted,655 S. Dobson Road,"Building B, Suite 216",Chandler,AZ,85224,United States,,unitedveincenters.com,,vascular,,United Vein Centers Chandler,,,,,,,,,"Jan 31, 2024",Peripheral Venous Testing,,,,,,,,,,,,,,
236,237,United Vein Centers,33.465719,-112.059977,granted,1010 E. McDowell Road,Suite 103,Phoenix,AZ,85006,United States,,unitedveincenters.com,,vascular,,United Vein Centers Phoenix,,,,,,,,,"Jan 31, 2024",Peripheral Venous Testing,,,,,,,,,,,,,,
237,238,United Vein Centers,33.46426,-112.351109,granted,13555 W McDowell Rd,Suite 210,Goodyear,AZ,85395,US,,unitedveincenters.com,,vascular,,United Vein Centers Goodyear,,,,,,,,,"Jan 31, 2024",Peripheral Venous Testing,,,,,,,,,,,,,,
238,239,United Vein Centers,33.640593,-112.000068,granted,3805 East Bell Road,Suite 4100,Phoenix,AZ,85032,United States,,unitedveincenters.com,,vascular,,United Vein Centers Phoenix,,,,,,,,,"Jan 31, 2024",Peripheral Venous Testing,,,,,,,,,,,,,,
239,240,United Vein Centers,33.65267,-112.249257,granted,8877 W Union Hills Drive,Building A Suite 180,Peoria,AZ,85382,,,unitedveincenters.com,,vascular,,United Vein Centers Peoria,,,,,,,,,"Jan 31, 2024",Peripheral Venous Testing,,,,,,,,,,,,,,
240,241,University of Arizona Cancer Center at Dignity Health St. Josephs,33.454764,-112.066218,granted,625 N. 6th St.,,Phoenix,AZ,85004,USA,,www.dignityhealth.org,,echo,,University of Arizona Cancer Center at Dignity Health St. Josephs Phoenix,,,"Nov 30, 2023",Adult Transthoracic,,,,,,,,,,,,,,,,,,,,
241,242,"Valley ENT, PC Baseline",33.379257,-111.744823,granted,"4140 East Baseline Road, Suite 211",,Mesa,AZ,85206,USA,,www.azvent.com,,ct,,"Valley ENT, PC Baseline Mesa","Jan 31, 2024",Maxillofacial CT,,,,,,,,,,,,,,,,,,,,,,
242,243,"Valley ENT, PC Chandler",33.298655,-111.877921,granted,2081 W Frye Rd,Suite 100,Chandler,AZ,85224,USA,,www.azvent.com,,ct,,"Valley ENT, PC Chandler Chandler","Jan 31, 2024",Maxillofacial CT,,,,,,,,,,,,,,,,,,,,,,
243,244,"Valley ENT, PC Commercio",33.551272,-111.892445,granted,"8752 E Via De Commercio, Ste 1",,Scottsdale,AZ,85258,USA,,www.azvent.com,,ct,,"Valley ENT, PC Commercio Scottsdale","Jan 31, 2024",Maxillofacial CT,,,,,,,,,,,,,,,,,,,,,,
244,245,"Valley ENT, PC Good Sam",33.464928,-112.062014,granted,1515 N 9th Street,Suite B,Phoenix,AZ,85006,USA,,www.azvent.com,,ct,,"Valley ENT, PC Good Sam Phoenix","Jan 31, 2024",Maxillofacial CT,,,,,,,,,,,,,,,,,,,,,,
245,246,"Valley ENT, PC Green Valley",31.806969,-111.011457,granted,"4475 S. I-19 Frontage Rd., Ste. 285",,Green Valley,AZ,85614,USA,,www.azvent.com,,ct,,"Valley ENT, PC Green Valley Green Valley","Jan 31, 2024",Maxillofacial CT,,,,,,,,,,,,,,,,,,,,,,
246,247,"Valley ENT, PC Shea/101",33.585254,-111.884684,granted,"9097 East Desert Cove, Ste. 250",,Scottsdale,AZ,85260,USA,,www.azvent.com,,ct,,"Valley ENT, PC Shea/101 Scottsdale","Jan 31, 2024",Maxillofacial CT,,,,,,,,,,,,,,,,,,,,,,
247,248,"Valley ENT, PC Tucson",32.319299,-111.009646,granted,"1980 West Hospital Drive, Ste. 201",,Tucson,AZ,85704,USA,,www.azvent.com,,ct,,"Valley ENT, PC Tucson Tucson","Jan 31, 2024",Maxillofacial CT,,,,,,,,,,,,,,,,,,,,,,
248,249,"Valley ENT, PC Tucson East Carondelet",32.225584,-110.853671,granted,6506 E Carondelet Dr,Building A,Tucson,AZ,85710,USA,,www.azvent.com,,ct,,"Valley ENT, PC Tucson East Carondelet Tucson","Jan 31, 2024",Maxillofacial CT,,,,,,,,,,,,,,,,,,,,,,
249,250,"Valley ENT, PC Tucson Silverbell",32.226448,-110.998588,granted,"395 N. Silverbell Road, Suite 201",,Tucson,AZ,85745,USA,,www.azvent.com,,ct,,"Valley ENT, PC Tucson Silverbell Tucson","Jan 31, 2024",Maxillofacial CT,,,,,,,,,,,,,,,,,,,,,,
250,251,"Valley ENT, PC West Valley",33.654659,-112.200451,granted,"18699 N. 67th Ave., Suite 300",,Glendale,AZ,85308,USA,,www.azvent.com,,ct,,"Valley ENT, PC West Valley Glendale","Jan 31, 2024",Maxillofacial CT,,,,,,,,,,,,,,,,,,,,,,
251,252,Valley Heart Associates,33.291362,-111.877649,granted,2075 West Pecos Road,Suite 1,Chandler,AZ,85224,USA,,www.valleyheart.us,,echo,,Valley Heart Associates Chandler,,,"Jan 31, 2024",Adult Transthoracic,,,,,,,,,,,,,,,,,,,,
252,253,Valleywise Health,33.458525,-112.02643,granted,2601 East Roosevelt Street,,Phoenix,AZ,85254,USA,,www.valleywisehealth.org,,echo,,Valleywise Health Phoenix,,,"Oct 31, 2022",Adult Transthoracic,,,,,,,,,,,,,,,,,,,,
253,254,Verde Valley Medical Center,34.73619,-112.031778,granted,269 South Candy Lane,,Cottonwood,AZ,86326,USA,,www.verdevalleymedicalcenter.com,,echo,,Verde Valley Medical Center Cottonwood,,,"Nov 29, 2022",Adult Transthoracic,,,,,,,,,,,,,,,,,,,,
254,255,Western Vascular Institute,33.489604,-112.078238,granted,3600 N. 3rd Ave.,Ste. B,Phoenix,AZ,85013,USA,,www.westernvascular.com,,vascular,,Western Vascular Institute Phoenix,,,,,,,,,"Oct 31, 2024","Extracranial Cerebrovascular Testing, Peripheral Arterial Testing, Peripheral Venous Testing, Visceral Vascular Testing",,,,,,,,,,,,,,
255,256,Western Vascular Institute,34.231537,-111.320326,granted,708 S Coeur D’Alene Ln,Ste B,Payson,AZ,85541,USA,,www.westernvascular.com,,vascular,,Western Vascular Institute Payson,,,,,,,,,"Oct 31, 2024","Extracranial Cerebrovascular Testing, Peripheral Arterial Testing, Peripheral Venous Testing, Visceral Vascular Testing",,,,,,,,,,,,,,
256,257,Western Vascular Institute,33.422584,-111.792892,granted,7165 E. University Dr.,Suite 183,Mesa,AZ,85207,USA,,www.westernvascular.com,,vascular,,Western Vascular Institute Mesa,,,,,,,,,"Oct 31, 2024","Extracranial Cerebrovascular Testing, Peripheral Arterial Testing, Peripheral Venous Testing, Visceral Vascular Testing",,,,,,,,,,,,,,
257,258,Wickenburg Community Hospital,33.978047,-112.74196,granted,520 Rose Lane,,Wickenburg,AZ,85358,USA,,Wickhosp.com,,echo,,Wickenburg Community Hospital Wickenburg,,,"Sep 30, 2024",Adult Transthoracic,,,,,,,,,,,,,,,,,,,,
258,259,"Xavier Heart Institute, LLC",33.294521,-111.876178,granted,655 S. Dobson Rd,Suite A-108,Chandler,AZ,85224,USA,,,,nuclear,"www.google.com/search?q=Xavier+Heart+Institute,+LLC","Xavier Heart Institute, LLC Chandler",,,,,,,"Jun 30, 2023",Myocardial Perfusion Imaging,,,,,,,,,,,,,,,,
259,260,Young Hearts of Yuma,32.682044,-114.644644,granted,2051 W. 25th Street,Suite A,Yuma,AZ,85364,USA,,,,nuclear,www.google.com/search?q=Young+Hearts+of+Yuma,Young Hearts of Yuma Yuma,,,,,,,"Oct 31, 2023",Myocardial Perfusion Imaging,,,,,,,,,,,,,,,,
260,261,"Yuma Cardiac Center, PC",32.678479,-114.628474,granted,"789 W. 27th Street, Suite 1",,Yuma,AZ,85364,USA,,,,nuclear,"www.google.com/search?q=Yuma+Cardiac+Center,+PC","Yuma Cardiac Center, PC Yuma",,,,,,,"Sep 30, 2023",Myocardial Perfusion Imaging,,,,,,,,,,,,,,,,
261,262,Yuma Cardiology Associates,32.68389,-114.644473,granted,1975 West 24th Street,,Yuma,AZ,85364,USA,,,,nuclear,www.google.com/search?q=Yuma+Cardiology+Associates,Yuma Cardiology Associates Yuma,,,,,,,"Dec 31, 2022",Myocardial Perfusion Imaging,,,,,,,,,,,,,,,,
262,263,Yuma Cardiology Associates,32.68389,-114.644473,granted,1975 West 24th Street,,Yuma,AZ,85364,USA,,,,echo,www.google.com/search?q=Yuma+Cardiology+Associates,Yuma Cardiology Associates Yuma,,,"Aug 31, 2024",Adult Transthoracic,,,,,,,,,,,,,,,,,,,,
263,264,"Zymek Cardiology, PLLC",33.379197,-111.725522,granted,4915 E. Baseline Rd,Suite #123,Gilbert,AZ,85234,USA,,,,nuclear,"www.google.com/search?q=Zymek+Cardiology,+PLLC","Zymek Cardiology, PLLC Gilbert",,,,,,,"Jun 30, 2023",Myocardial Perfusion Imaging,,,,,,,,,,,,,,,,
